/* KORISNICI */
INSERT INTO user(user_id, first_name, last_name, password, pid, user_name, user_type, active, entity_version) VALUES (1, 'nikola', 'stojanovic', 123, 123, 'nikola', 2, true, 1);
INSERT INTO user(user_id, first_name, last_name, password, pid, user_name, user_type, active, entity_version) VALUES (2, 'milos', 'tepic', 123, 123, 'mitep', 3, true, 1);
INSERT INTO user(user_id, first_name, last_name, password, pid, user_name, user_type, active, entity_version) VALUES (3, 'julija', 'mirkovic', 123, 123, 'masato', 0, true, 1);

/* PORUKE */
INSERT INTO message(message_id, receiver_id, sender_id, content, entity_version) VALUES (1, 2, 1, 'Tepicu macane, nisi ti za bacanje!', 0);
INSERT INTO message(message_id, receiver_id, sender_id, content, entity_version) VALUES (2, 3, 2, 'Pozdrav', 0);
INSERT INTO message(message_id, receiver_id, sender_id, content, entity_version) VALUES (3, 2, 3, 'Pozdrav 2 proba', 0);
INSERT INTO message(message_id, receiver_id, sender_id, content, entity_version) VALUES (4, 3, 2, 'Proba 3', 0);


/* MESTO */
INSERT INTO location(location_id, state, city, street_name, street_number, entity_version) VALUES (1, 'Republika Srbija', 'Novi Sad', 'Bulevar cara Lazara', '11', 0);
INSERT INTO location(location_id, state, city, street_name, street_number, entity_version) VALUES (2, 'Republika Srbija', 'Beograd', 'Jurija Gagarina', '8', 0);
INSERT INTO location(location_id, state, city, street_name, street_number, entity_version) VALUES (3, 'Republika Srbija', 'Novi Sad', 'Novosadskog sajma', '35', 0);

/* TIP SMESTAJA */
INSERT INTO accomodation_type(accomodation_type_id, name, entity_version) VALUES (1, 'Apartment', 0);
INSERT INTO accomodation_type(accomodation_type_id, name, entity_version) VALUES (2, 'Hotel', 0);
INSERT INTO accomodation_type(accomodation_type_id, name, entity_version) VALUES (3, 'Bed&Breakfast', 0);

/* SMESTAJ */
INSERT INTO accomodation(accomodation_id, accomodation_name, accomodation_type, capacity, category, location_id, entity_version) VALUES (1,'Hotel Centar', 2, 10, 4, 1, 0);
INSERT INTO accomodation(accomodation_id, accomodation_name, accomodation_type, capacity, category, location_id, entity_version) VALUES (2,'Voyager', 3, 10, 0, 2, 0);
INSERT INTO accomodation(accomodation_id, accomodation_name, accomodation_type, capacity, category, location_id, entity_version) VALUES (3,'Hotel Park', 2, 120, 4, 3, 0);

INSERT INTO accomodation_agent(accomodation_agent_id, accomodation_id, agent_id, main_agent, entity_version) VALUES (1,1,2,true,0);
INSERT INTO accomodation_agent(accomodation_agent_id, accomodation_id, agent_id, main_agent, entity_version) VALUES (2,2,2,true,0);
INSERT INTO accomodation_agent(accomodation_agent_id, accomodation_id, agent_id, main_agent, entity_version) VALUES (3,3,2,true,0);

INSERT INTO picture(picture_id, content, accomodation_id, entity_version) VALUES (1, 'data:image/jpeg;base64,/9j/4AAQSkZJRgABAQEASABIAAD/2wBDAAYEBQYFBAYGBQYHBwYIChAKCgkJChQODwwQFxQYGBcUFhYaHSUfGhsjHBYWICwgIyYnKSopGR8tMC0oMCUoKSj/2wBDAQcHBwoIChMKChMoGhYaKCgoKCgoKCgoKCgoKCgoKCgoKCgoKCgoKCgoKCgoKCgoKCgoKCgoKCgoKCgoKCgoKCj/wAARCADhASwDASIAAhEBAxEB/8QAHAAAAQUBAQEAAAAAAAAAAAAABAIDBQYHAAEI/8QAShAAAgEDAgMEBwUCDAUDBQEAAQIDAAQRBSEGEjETQVFhByJxgZGhsRQjMkLBUtEVJDM0YnKCkqKywuEIFiVTcxdDYyY1NnST8f/EABoBAAIDAQEAAAAAAAAAAAAAAAIDAAEEBQb/xAAzEQACAgEEAAQDBwQCAwAAAAAAAQIDEQQSITEFE0FRIjJhFCNxgZGhwUKx0eEz8DTC8f/aAAwDAQACEQMRAD8A8G9OAV5GMgedOKnlXBZ0UeilY3FehaWqYochJHAUtRXoXbpS1WhyHg5VpwCvAKWMULLSFL0qN1PUhHmKJgCPxN4eQqP4m4hh02Nokcdtjcj8v+9UQ3Gqaq38ViKxH88h5V/eaHa5FbsMt8mqwRfnBPlQsvEcCf8AuKPfURZcI3F2Qbu7nkz1WBMD4nNT9nwJYoAXszJ5zSk/LNU6oLth5myOfiq3HWX4U1/zdb/9w/GrZBwlp8Q2sLIe1AfrRqaDZqBi0sx7IV/dQ7YexeJ+5SU4styd5D8aKh4ntmP8tj31bTodkRhrKzI/8K/uoeXhbSZfx6baf2V5fpiq2Q9g0p+5Ewa7BJjlnU++pCHUlYeqwPvoa44G0p/5OGeA+MUp+hzUdNwVNEc2GqSoe5Zkz8x+6hdcX0wk5r0LIl2p60+synvqlPp/Eun7iKO8jHfE+/wODXW/EvYyiG/hltpf2ZFK/WgdL7XISsXrwXgMD0Oa9zUPaahFOoaNwR5GpCObI8aU1gcuegob17jFNI4PfToOSKFlrg7GRg02ykHenutL7PtFx391Su7yniXQUq9647BhncqvOw6LnGas3E1rp1tpmlvpsizSSoTPg9Djr49cjFVkDlPgRS5JGfHMScV0MmVxyxk7mvD03pRrsZwRVkwIr3G1e4rsURTEFc1GoOS5mTwapSo2cBdQbP5lBooeoDWHkMi/AKdlH3Xvpu2/B76dk/kvfS88otkBxNGGsvjimtPQNYW5YHPJ3UVxCP4kRt0NPaTbc2mWrEjeMGhm+RT7JSOHKLt0FKMFSSW+3Sl/Z891PkxaIsQkUrsjUibc94Fd2HlQNhoA5MdBXvJijDDXhixQtlgoWozW782lu4hyZSMbd3kPOpp0OCF60DHp/b3sfaDKrlqBy5wRrKKrpPCsl3KLq/AeVjn191TyA7z51brTSLW2x932j/tPv8qlREFAAAAGwFeGM5zRNsOKS4QhE29UbCnreEzSqg6scDNGaRdRWcxae3SdSpBVuntoWRj2hZNhnIpTYyI/q+lT6bcGGcDmxnY5qOIx1qe0i7tZLonV+0li5Co33B7qiL3s+3fst0zt7KmQln1B816n4hvScVw26VZCXvtNEGm210Jkfts+qDuuPGor3UoyMVwWOKSOuaoJI8MSt+XHsoS906C7hMdxFHNGfySKCKnrU2P8H3AnD/aTjsyOnXfNRzdamSyi6jwi9sxm0Wdrd+vYyEtGfYeo+dB2msXFpcC11aFrefuLfhbzB6GtGO4wRmgNS0u21C2aG4iWSM/lbuPiD3Hzq3h/MVtx8vBG284kUMpo2KQE71Vvs9zoN0sUrvLYueWOU9UP7Lfoe+rDAwZQQdjWacdo+HJIKcmi4FyaDg39tStlHlhWK+XBpqjyB6tB2UiSKNpB8xQXdU5r6hbSEHrz5+VQnL41u0VjnSmzNfFKbwJxXY2pXLXvLWrIjA1XU5y15jHdV7kDgbIqN1Ict1A3iCtShWo3V19SFh+WQfOijPkpxCID6op+U4hHtoaLPZrS9UYx2aFepb9KVu5RTRFag63EtxB1MduJPi5H6UdYMItMsVAJ+5U5FQensZrzXScFlt4EGfax/Wp3TVZNKsVDdIR+tDZLEhWC9pa5NO/ZfKjI8USqjbpW6UGZlJMiTaeVIa08qnREMdKS0Ax0oHEPcQDW3iKHkhxtijNdvhZjsYAr3J3wT+AePtqHtLxkOHLDffm9YVztTrI0y2G6jSTujuQUtsT3UtIAsgON+lFQ3EMg39U+I3FPGEMMphh5Uuu+E+YsqdE6+JIEMVNGLFHBd8N18a54s91b4tSWUI6fILHa9pDLJzqCgBwTucnG1MrEzMFG5NFNEc4pBUqciqcRkXkbvrKe0l7OeNkfGcHwoMqfCpG5mkuGDTOzsBjLHJxQ7JQ4DTAyu9JxvvUotrE9k8vbL2qsAIsbkeNAuhAOBk+HjVBLkcthbCKYTh+fl+75enN50KRuaH069W+jd0ikQKxXLDGTRiRM7BVUsT3AVXQSGx8qdeFljSXblfON/CnJeyMMSrGVlXPO2c83htTXLtVZLCXtUFhHOJ0LsxUxDqPOhMYHWlb0qNVMi9oSEzuQMnFXkvAFf2kd7bPDKoKuMGofTYnSERvuyEqT44qzMg5jykkZ2NBQ2paZ+UH1mJrNqZqEcj6Y7nwdZxZPSrFY23ZIGk2J7vCmbO2W3UM4BbuFeXlySCqnfocd1cluWoltiaXiCyA6zMLiYBd1XYUCIz1ojl5myR7KMuJI3srWJYgskXNzyLt2mTtkeVd2mCrgoexhk22RRSu5DRXLSX5VG5AoslPAOUpJSnyxP4VJ8ztSOzdj1PsWpkB4B2AHU4pp4e1ABXIBz63SpBbUjuC+2nFgRBljn5VMgsjzD93k9F32oHWHU2qAHcNnHuqTvr+yjU25uIVnlHKkfMOZj1wBUFdesDnpVqPuKbIfR4mMmvzDfnWMfDb9DVk0qLOj6eQcjsR9TUBoPMLPV2JwxA9+WarFpGP4HseUbdkO/wAzSm90uQGg+y41gOBc28kZ8t6nrHinTZ8ctyqnwbaqGtmMnIO23l5Uo6enTlBwPGt3ntCPJizVre/gmAMcyMPIii1kDdKx9LN4smOR1x3g0dBfanaKOxvJGHcG3qLUL1RHQ/RluvuGmkkeW3ued2JJEvUn2iouazvLPaeFgviRzL8aFt+KtUh/lYopQPLBqTtuNYj/ADm2lj8eXelzrotWGNrndV0CI6ZBAZG8VNFwTSA+o4b5GiV1fQL/AHdkjc95BQ0r+DLWcc1neI3kSD9K59nhUJc1s3V+JSXFiFLeHGJVz7qdS4ibofnQb6bexfhHOP6Jz8jTDNLGcTQke0EVn+z6uh/C8jvN0t3awTEUiCQN6rY7m6GnOWPsHVogXJHK+elQqXEY7nX2b08l3y/hmA8iKdHXXR4tr/QB6SuX/HP9QloD4U20BHSlpeN3iNx5HFOi9hI5XjdDnrjNPjraJ9vH4inpro+mfwGbdpLeUSRgcw6ZGaHkjJJJHyqRDW79JV9+1OSpEyoEkBAHew2PfinKyuXyyX6gYnHtMiTDGbfmLntebHLju8c0iIyQyB42KOOhHUVJNbDuI+NIe3UKCHGT1HhVNx9wlkjChJz40VaiSGGWQQq6MChZlyBn9ae7GMRnmcB8jG4x513alIGhEp7InmKg5BPjSZW1x7khihKXSI7s8t0p5Yk7I7N2mfdil86Z2UnzOwrs52+QpUtSv6E3/wB9xyqa+Z4EiNceu2B4d9Oq8cS+qvKPE9TSOVu7CD50lkA3J95rK9PZqJbrXheyGq2NaxA6Wd32Hqjx76RBEJpo42ZUDsF5m6L5nwFcSPyjNdySN029lb6qo1LEUZpzcuWxEgWNmBIGCR7aaZ8j1VJ9u1P/AGffcjPxNCX+oadpq817dwxeTuMn3UzvoDdjs95Xc9T7AKWluB1wDVYvuPtPiHLYQT3ZIJBUci7eZqCvuL9YuSVt+wtV5+X1RzN0z1Pu7qNRYt2I0YpGgyx+JqE1zirS9G7NbiUmSQ8qJGpYsaD0xJrqyjlvJWkcrzEsaqXpWhSGxsJ1xiO6Qn2ZFMrqc5Ya4FzswsoKvvSNcTof4MsRGpIAkuG8TtsPd394qqT69rusEJdX7okijIh9QLlvEb92PfQrp2ejgd6MgPtWRh/pFH2Fv2cUxx0UD5g0cpRrzhc5FYcuwDg6Itrmn3L5LHUpULHc94G9arKlZ3wtEBeWgGxTUef4yEVpcy7GpbLc2yoLBBaOGNnq3L19T6tVh05SulWKkjaED5moXQMC21jPTMZ/zVOWGG0yyJwCYRtn21hSyw5PBdNJi4eOhFrxz9uJPKqZyPAnuxvVWmRUduzYleozVMtuOtPYkSJdRn+lFzD5GpGHi3RpSc3yIx2+8Vl+op8oyz0RRa7J0ICBvk9d9q85fVz3gUHBrOn3G0N7bPnA9WUUX2yyAYbIPeN/pQPJZ3ZqW8wOoFNvGG6DAp3O3tya7bGM81VuLSBJLdJCcj5eNN/ZSp5o2ZCM/hOKPbwUdN968OMY3IHnU3F4EQX2pW28N5MQO5twaPg4o1KLaeKKYezBoLkGcnoK8Cjv6jvJoo2tepHWn2ich4jsZv53pzKT1ZVBo6C50G7OFn7Jj3MxX61VOz7tsnavREmNwMAdKYrc9rIPl+zwXqPQ7WZea3uuYe40puG5PyTA+1TVGjXst4maNvFSQflR9trOq2n8leylR+WQcwPxos0y+aJX3sflkWZtBuk/DIh95pt9HugNyh99Qul8QX2n3NxLK812JjkpLMxVD/RB/D1qXTjW2Yfxm2miPeRhgKnkaWXoTz9RESdJk/OFpS6XAi80njy7L34zTg4m0yc4S5QHwbY/OvJNSgYerIpz0waF6Sj0SGLV3erPFt7ZP+4fYAKS0UTNheZdicsc93T39Kbe6TvYDy6muTtJPwRsfNtqpaeEekF9ok1yxPZilDCkEDOD08aZvLyy09efUr+3gHgzgUFacUaZdXRt9PEtxIBnmCELt5mh2JE8wlGR5GYqvKpJOB0HlXjW6RqXldVUdSTt8TWfcecX63p+pLZaebe2Vo+05zHzv0PTO3d4VQdYur+9TUW1K9ubrlfljEkh5R+DoOn5vCrVW7nJHbjpGvapxfw/phcPexyyKN0hHaN8tqqt96TjLOYdL0xjttJcPjfbblHkc9apFzarBYyhVAKRptjqzEgfLNE6FadtxDDDtjm/1AfRKdTVGbUV2+BNlskss0Liaa+k4du5nnkiYRlsRHlx8Kzn7MpuY8guxkyWbc/hkPWtY4hsml4fv0VSzGE4HjtVRi01Usre4lwMxM23d90/zyRV6ip6VqLfaz/39CVyV2WvQq6xMkMSjJLQO2fHnlA+lSXY4lgTbL9rJ7RzKoqQezi5rNE3/i9rGNvGRmP+WpVrJF4pgtox/IWi9/eSSfpV6WPn3wr92Ve/KqlP2RLabATYx5/Z8KqXpVtubhG7cDdGVh/dFaTDbH7IG8VQ/EVV+PbE3HBuqDHSMN8q78qI1qxexzo2Obg36mYTYfSp2HQvz/Fg3+qpSEf9PlbxiU1D2eZeGO0/agRvgFH6VLocaCz+MA+przN3zY+p04/wMcPns9chTxmDj/8Asa064G5rMNMITiiw5tg5Px7QmtRuRu1HLPYK7wQWhA9jrI7vu/8AVUzE5jtLVF2AhX6VF8OlcawjDbljP+apOVeURqvQIo+VY4ZcgpmT3elRc5ZUI9hIoFrEgnlkcHzOal21SPfvpq3L3t2kNshd3zhRT4St9TdKMeyHeyk39bPtFJWG5iI7KR0PipI+lWd9FvyP5rIPan7qYuNJvY09a0f3K37qarJCsRfqQ8Grazb47PUrkDwMhP1zRsPF2uxEA3Paf10Vv0FIaxmAPNayYG/Q0yIuU/ybL7qPcn2ibY+5N2/HepoR21vbyexSv0NSEPpDI/ltPwe8pL+8VU8ITvj3iu7OJu4e40txh6xL2IvUXH+mN/Kw3Mfj6ob9aOg400OXBN5yeTxsKzc20RGCopmW2hgAkxjFVsrfHJfls12DiDS5h91qFsc9B2gB+dHQzxSjMcisvXKsD9KxAGBjuPjTkaQqw7M8v9U4qnSl7kUTbjKAOvxpJkIHUECss043BcCG+uV8hKan5I9ahhEiXs7L3c6qw+dIlOMHhsJUSlykXQzYx8zTMkgYEk+3NUh9X1u39YrDKuepiI+hpgcXXkbDt7ONhnfkkIPzBpsVu6YqVco9ouU2D0G9RtxmL1kLKw/ZJ2ovT7sX9hb3KIY+1Xn5Cckb+NMXqARHA3qcp4Ytgi8aX2lcsNrbQzTO2BLMxOPd/vTej8Va9rev2UV1qDrayHnaKFRGCOuDjc9DVf1RT9pjbv5gfmKnPR9ac/FNpkbLC5+Af99a6EptR9zHY2ssZurZTrFzIVB5XZzn/wAjY+lWrgu2ZJ+depjOSO7O/wCtRGqRGHUL1eXcvj5yH9Ku/AtmXTIHXI+Cr++i01asucH0kwpyca1JeuCB4v0Z77WLSQ7ZhdSx8mP76jtT0a2j03UWK5bKnJ8zCD9DWkcUWQggtJcbqzKT7f8A/KpPEHqaPqmPysB/jQ1ztc3Xq9keuDZpkpU7n2VzXYI5tVktIlAL3cKe5UY/6qc4Jsu34suWX1lhYgH+qMfU16oDa/fTsdoWZx7SEX6BqsnontPvr+6YblevmTmtnhictTBfgI1vFUmXXULP/o90fzmA4+VZ/qSBLKZS+RFFIcD2ED5GtVuUEtky9zQYx8KyzVgM38arg/ZjjvNP8bT8yuX0/kHw5/BJfX+ADR0W41WyQjOBCSM+Ebn/AFCpjQh9s4u1K5G6ghAfIKf31D6MWt1M+D93brg+ZjjUfWrLwBbAR30pySZGGf7NV4Mt2sjL2K8Q/wDHcfctECA6dH/Vj/WovWLdZuG9SjI/FHy/Kpa3H/TYT/RWhZRnTblT/R+pr0M4752R93/LOZB4jCXsv8GAcPRl+E54z+KNJIz/AGWb/ajmb/6PWTPWFh8Ca7RYPsmp8QaWRgR3DlR5OuR9aYlcjgWTPVDKnwI/fXk7YvzsP3X7nXi/gyvZif5PXdHcd8i/OT/etXuxgkeZrLLtSNQ0Zv8A5I9/7QNa5dR5Le00Um3VF/V/wAseY/wRXdA9S41YdCUj/WjncEIc/kHT2UPpCAalqS+Ma/IU5cnkdQO5F+lYqnyHYjE5OxztaTr/AFW/3q0+i1IpOM7JVjmyFkID5x+E0FJGgJ5+X4Vc/Q9bxzce2Q5OYCKU4Ax+Wt3mqSwbJR2ps1WztOdQz2yjyBoqSzgIKtZkDHXmG9XHTrFHiB+zyLnxxRjWEW47CT24FVGltHNnek8GbnT7bteU2jYIO+3hUZPpNisyZtzuwH4R41p72UInwYZR6p35ar+o28CXcI5JMGQD8PnS51uIyFu5me6joOmhnP2Ze/8AJQV9wvpBcstsmTv+CrlryRR8+Ax91R+pmMMSvN08KTukvU0xwypycH6UzAiAbgHAyKYHBGlyAhkLIRnBY+FWuRlyuB3D6V0TZO2en6Ve+XuM2opyej3R3gd+ybIXOQ5FSdp6LNBlgWRjdIS6r6k3cc1ZLYn7PJscchqb01mFkPVP406Dzo42zz2BKOOgTS/Qbw+yxsmoaqjMvNjtFP1FWu39F2mw2TWv2u6kjIx94EP6VY9Iut7dSp3Q/Wp8MDXWq0em1MfvY5f5nKs1moqliMsGO636ILeHS5zaanJzqC33kS4xXzPq/awXEiFD6pIzgV9tcdymHhq7ZTg5Qf4hXxPquomaeQ+qfWPcfGsN1MKdS66lxhN/v/g6ejusupcrZepofCQMnDWn7et2WSPeaKvIh2ZA69Nq84NXtuFtOYDrH+po68T7sgezNZpv4mSSKHqcXNcqMbknNW30dwD/AJkiP/wSf5R++oC+jH8IRg/tGrd6OYy/ESEDZbaQn3lR+latI27YIx2rEZCNfs/+uTLy/wApMoGO/wBVz+tXvgWELZK4GxeTp7F/dVY4pxFr6kdRl/gh3+dW/gocujW5P9L6itGki1fa/bK/Vkta8qCHON4y+i5XqhL/AArONWhabT9UXqH7Fh7+T91axq0azx28TDKyFkPvBrONWtdQaTTNK0r7Gt7qV0lmJLsMUTlEj5IU5/IB76z+JUSldVKHcuP0eR+ktUYT3dL+So3n3Z1V9stLyD/ET8jV99HsH2fh+aQjBcMw9nQfSm7j0L8UTpJJe8U6RbLJJzt2Omu+CcDbMnsqxWHon4lgtUgHpAljhC8nJBo0Cbe1ixrpeG6OWmn5lnfBg1mqjdHbAkC+YYx4wj9KoutWUn22YoMI9vKPZjBB+ZpHop1fUdV4cmbWLprq6t7y4te1ZQpKoy4yAAKsV7En2hRMPUmXHvG/0oPG47qVNen+xvhksTafr/ooTRtBYWnOBiRI8jxAUH/TVr4HiMWkXG2Dzk/4RVbuU7aXRoIstmJc58xj9TV30OAxWV6gG4kYAY8hQ+Bx21WWvvhfv/8AC/EnushBdc/2CrHJ0aAnryr9TTRIW2uMjI5Rt72FExr2elxLjoFFCTsOznGP/bB/xmuxVLdY/wAf5MU1tgvwMi1mBbfj8ygBUvbdT/aRsH5EVX9TUx8FaqvfHcSAf4DVy9IVv2K6VqSDHYXJjY/0WGPqRVO4kYLwpxEg/Lck/FVrheI1bNa19V/f/DN2lnv06f0CrxPv9Lb9loz8hWt3K+s3tNZTdrmW0A3KhD8AK1m8zyOR1waXbDboa5e8pf8AqDXPOrnH2Uf5KrYPyaxdZ6OCP8NeXco7RckA8o2Jx3U3Yb63EpP4nwf7lSl1bW7TEvAjHxIrl1S28s12LJhshXP8+T+7Wof8OcYk9Jlpm4EoFtOeXlx+UVRDZxE/hArVf+Hq3iT0gRMgAYWs30FdOmcZWRh7jr01VJ/Rn09FGqIAoApzA8K4dK6u9GCSweazkQY1JyQKidR0tJ54ii4IYE1M1xG9Kt08LFjAcZuLyjGeLrbWY7l4xo7rGSeWQSKwaq40GsXL5ksJV8dhW3cS9q8EUMQh++bswZFJAbBI3HTOMVjWqcYWul38lreXNikyHBRZuY/LNcDVURps2rLOzpLnZHpZGrXStWlYZs5R/WwP1omDRtShl5biJI2xnDSDfOaTbcf6dgkTRnw9SQj/AC0XNxH/AAnDFcWssc0KyKr8ikcmQdiDv4UlRh9TQ5yHbTQdTNu/LbhyVIHLIp/Wpqz0DVhahRakMSu3Ov76quqcXNoV9FIzyMkw5REkbSF2H7IAznFTFh6RrmTBXQtZYf8A66j/ADMDRwjX/VkXOVn9OC3/AGe8002puGRebIwGyR0qVt9SfmfLr123qqtxK+tLFDNpmo2rA5V7iEBRtv6ysd/bTy7Fsu+9Odqg/u+hCr3x+87GfStqUo4NvTHIoYNHjH/kWvkqe4hLt92evWvo/wBKE6xcIXzZdiOz26/nWvly/aOK9ijRoh2h/MDnr5frQ1J22Ns1V4pqwvc27ggh+FtOK7Dszj+8ak7pQ0RG+PE+FQ/AxX/lXTxHsoQ4P9o1K3DYjI3xWSfEmXIqWopjUIFGCS+d/nirt6NICmoXTsMckCx/Ek1RtYdUu1Y7qMk+dXX0aT+vOO8wxt9a3eH/APKm/ZmHU/Kx7jeEpfm7B2ERUjPif9qtfC8nLpNqM/kz86qvEMMmqapcQLPHFFEqqeYMdzk9wNWPS57C2tYoptUt1ZVwco4/StVdtUbLFKWOSpV2OEGlngnr5vWsPOX9DVa1yOGDj3g4KxWaTWFblxsR9nlz+lTUt1p9w1qYtYsfupOc8xYZ+VVf0g6Xf6y9lccP69YWN7Y3AuYbkN2hBWMqAFI78kVep1FX3T3ZxL9Oyq6rHvWO0bfrEE11pc8NrOsE7r6kjJzhTnPTO9MxS3l0YpY3WFFYc8bLnm8R06eHzr5L1jir0x2L5TVZ9Vjj3UJpi5ydsjMY8af0Pjn00T2ast5DbKp5RDcaThgB02WI7e+upHUVSWYyRzZUWJ/Ei4eiqEw6dqsLfjTWL4N73Uj5EVctRija3gaRFZVbPrLnHnVV9FnDHEGjaPcjW0E15c3s11I8IJUF+XxA7waj/TleXFjwxZxRyyW873G4V+ViuD3dcVj8QStp2p9/7OjoIvzUmSWpJE/FelNAi9kD6zKNsYPU1YtMkVYL/PLntTgFvxbDevk6XUr1mJe8uG9srfvpg3d1I6r9on9Y4/lDWXSKdNSq4Z1L9JCc3ZuZ9fSfzCPbH4aAlO8w8Yf9ZolyI9Ltkz0VF+AqOml+9cDvhb/NXa01eHlHn7pZXJXuLrQXvC11Dj1i5wfA42+eKyrVY5rzh7WUhjZ5rj7O4RepLIM/Q1r2pSf9Guc9z5237hWd3VwYlnaOJR2Kc/I3qjqQM469DXN8cTr1Sml3j9sf6NHhzUqNr+onWljs7FZ3cid2WOPBxgEjIHngH3Vqkx5o/avX3Vj+oqbiaOS6PayxqWXuCnyHxrW5HAtwx6BAT8K589PKGiha3nc3+2B0L1LUyqS6S/fJU9MYHiOAdPvTj+4anrlPvmLMAfDNQiXCNqKyIDmFXY5U74Xx94qXNpcThZDJbhmUEhgcg4rnQxhZNNjeeD500h5FnWSEO3axnlLlQCARnp35xW3f8ONxc/8AqPCJmTk+yT5AbPcKyMafCn4QMDurSvQNe2OkekC2luyY43glj5wvNgkDqPCuzK2M7FOIPluFMov6n2HG4ZQR0oa8P8YshvvN/oaoWTi7RYBj7W74/ZiY/pUNe8bWjzRNCXYRSc6/ckZ2IwcnzrY9Wor4mjkqmb6TL/XZqlRcdQOBy2kpPeSygfrURxr6SYtC4ee5jjAu5fVgjLZyTsvxbb3Greuq9Hkv7NZ7Fw4leC60m8thC15IFz9nilKMzDBC8w/D3VgHFlnx9PqcraTofD2kWhPqIoeVgPE4UAn3VsdzqwsdPtraAqJ3UZJH5sZd28eufMkCs11G7m1zj+fTrh5P4NsVVCgYgSSFeZi2OuB7q52qv3y6T/E06aDjzkpsWjekVz97xBbW/lFZKf8AMRVu0Oz1q2snj1m7TUZmIPbskcDADuPKTnyz0rMvSpx5qEXEEmicIxraRwhUJgiDSyuwzjJBOwI6edVWPQ+OLu2W8v8AXWtYpDjD3TM3wTb50tUTnDdOUYp/RZNKuSliKbN81G3jnhAmv47Ll254bnDD34qFOk8MH1r7irU5N8ELqcoGfDYishfgK7uCPt3E00meuEZh83pyH0aWTORPq16cd6wLj45NAo018u79hu26z5a2bVpOp+j7h26W6TXboTL/AN3UpJFYeBVnII9oqXb0scAo45tVXz6/oprCYPRroyuOabUZR3/eqn0WjU4B0CHHaWLyDv57t9/hipLUaRfNNsOOg1c+oY/M0ri70l+j3WNJmsJNSueSXGWghZmGGB25kx3VjGp3fAikmy1nXnOej2kWP84NWGLhvhu1OTplkSO+Qs31Y0Ysug2SZgtrCJx/27dM/ShWs08X8EZM1Q8L1ePiaX5kXofpF0LTNLt7C3h1K4WEcofs0BO5PQMfGrPpfFOna3G4s3kR13MMyFHx4gHr7qhH4otYUxC0rEdyqFHyoVuLZsNyxHlxghzSpyVmXGtp/iOj4bNfPYv0HeI7gK7sD6qIWb3EVbfRxfKdQuQD6vZYHukYVm17q4uu057aH71ORjvuvh1q+8FcNarFpsGqWamSO5hJCcmAMuW658c0+mapipS4aMOq0UoeuUy18P3bT6trLgkKXQggdfxUfcyE59dT7aH4c0qexiuDcJIryEHdeU9/x60/eKcEc394VxrZ5m2bqYYrSAZlR/xQxN7hQ3ZRZOYQPZt9KdmjIzhAfNTQ4JVjlnX21FIvaOrHGOnaJ7GYVX+J9X1PTbmIaffTRJyZxnOTk771Y4nJ6OpPsqrcZLzXMJPeh+tHW8yWQZLgif8A1F4ss3VYL8Ox6c6bfIiovjPijXOItGgbXY7Zis2FnhiKlyBgqSSc4z0pLwI7feAcvftV601eGIbCKzvNNOorESe0nYkFj1IXO1dKV0KUuDNVF793ojDXU4pMBKXUbrglWDDPTINb9Jp/AUynn0CFD/QLp9GoUcJcATyI8cF5bMDkclyxHwbNFHxKr1yvyNTeUSdxx3qtzZWzyQ2StLHzkrEevvNRM3EmpStkyRKcY9WNRt8Ksl5w/o2pFDZan9nCLyqhQFQPdio2bgm4SROW/tHiJ3YBgQPHHf8AGlV63PEZswyp90AwXlxd6ddoxeWQsvKqrvk56AUTpXBKy9tca5K6LMpX7NEcNgnPrN3HfoPjVs0ywsNKtTFbKS5HryscM/7h5VH6utrFC8oeSIqM5SQj/aitut1G1Ptfr2BCEK8v3IrXtC4ehs5ZDHJCyoQGWU56eexp/V5xFojOpzmJVHnkCs31rW7zUraVZHLqrMEKjBZe4nHfV01idX0WwUMG5xECAQd8DrWm+Eq9JGMpZw3x7cIyxlGWpbUccLn35f8Ab+Qe03N6qndnWP44o/VNTa0uzDGjOFG5UZwfCoaxuua+mAAHJMrZ8ds/pTd7K7XDMN87msmmpU/mLum0+DJpNVGdlbHkDU76O7534stcqwGG6j2VUZBM5PNKfYuKsHAqva8SWcsxkCE8vMwPLk4xvjFdV1QUWNc2+z6HuZwvRXbJ/KuaDe5cfhhb+0wFDXutafAT21/ap7ZV/fULdcT6cc9jJLP/AOGF2+eMVzNrfoTdgl7rWJ7dCVSPHf6xz9KzfirXLm/4jt7zWpFSyt5lMUS5IGOnwAqZu9ZmudrbTLxx3F+VB9apvFVlrWoLGEtIrUI4cEuWJ2OxGMd9aKa455eBNk2ujduHOMNK1iRpo7tLicDK25BRmIPqJg/lzlye848KheBO2ks9d1WaWNpru6ljikJ2PM2C2fYMewViFpPd2HL/AAhbSJyHImhB2/Ue6rho/GuoFIrGW7W7013CyAKBIiscEggZJwT1BNSyhpPaSNifYqLSmjsr7XZcfbdavJPsobYi2VsZHk2Bv4Y8aizfXc9/N9qkJlTCcvcoHcB3VcOKLkX3FRhhgMVlp69lHEVxjAGdvgPdVGkkL61eMxBJffHspLm7MtnR0EVGxImI9Ve3iLsA2PAYoSfiS5kB5AFHgKHuiBA2fCogb4PSlV0Vy+Jo7krZLhMlZNevnUASlQP2dqFOo3Mhy8znxyaEZ8YBHzrwlRvtT1VBdIU7JP1HnuJH6sce2mWdjtvXGQcue+m2cYO/dTIxFuTJTS9C1XUz/wBO028uQe+OJiPj0q1ad6LuJboA3EdtZKf+/KCw/srmt04RfPCOiA7j7FDt/YFSjKjDdR7tqGTa6ORPxCzOIrBjNj6I7eMqdS1WWU9628YQfFsn5Vq3C6jSLC00u0J+y28fJGH9Y4B7z76JayWQ5Tn9wzXkVp2Mwbn6Z2IwaWm3JbujJbfbauWD8QxjUDGhluLd0JZZLeTlOfAgggjyNQ66HqzrmPULS4jPdPAUf4ocfKhtf4v02wkIlmUSL+QnLf3RVPv/AEh3M4MdijrH4ueUfAfvpcqq5NtrgbXO6KS3YLhfaVJaoWuns0YDJEc+T8MA1WbfU7K7ci0vYnP7JbDD3HeozRb67v8AUoWuZiy8wPKNh8K0a+4c0zVx/H7C3mc/m5AG+I3rHbCEH6nQqnOSy3krI5vzIrVW+MgFeBsco5Tt76vS+jlUPNpmrXtgv7Dt2q/3WqzWPB+lRCGS9QahcxDaWdRjPiFGwoIrElJclWXLDT7MH0rhzVtbJbTrKSSLvlb1E/vH9KtL8G65bxjFqkgHdHMpPzxW2iCMKFUAAbAdwrw26nuzR2WSmIjJIwS50nU7YHt9OukHj2ZP0pVvYYj7e+k+zQ9QCPXb2DurQOOOKYdHBtbMg3J2Yg/hrJL28mvJ2kmkLMx6k1K6HPmXQNl+3iJYYdW06ycG3tRIw6O5JP7qkYuK4JCBMpXzU1RMkUzOx2658q310pPCMrtk+zS59XhFv20cqyR+I+lUTjPX2+zMOY4f1VUdSaEgkeC3IeQ4PrHPdVakc6nqBnOTBH6sY8fFq7FOnjWt3qZpWOTwL05XJLPu7bnfZfIVcdIMaWcjsAXZgiDwPUmozSLLtHROT8Z76L1ULa3QiiY8qIzew4pU8zlsGxwlk90eZu0bm6mRsnxxgZpdzIzzMVGRQWmSESIsmzdmWPtLH9Kkipk9bYd3SslEdqYu18krDwvao33aRRjyUUaOHLUqRNhx4Eda9S89UesKeW85hs1ZcyNmDrbQtOtgBFbxLj9lQPpRQt7dPwxrQhuCTtk+3pSw+3rHJNC8vsgQeQAhAAKYmSIjLKGPdkV4Q7dBt8K9EJx6xqZIR91BFKCpjUgjGMVUNW4UtnmFxZBrWdTlXiOMHx2q/GJR0X470gxZBGPdRwtcemBKtSMm1L/mjT7eRIpUl5jky8nM7e01E6VLP2n8b5hMTlg4APwFbNNYrKDzJmoq74ft7hWD2wbPQmm/aIuO1oZRupnvzkoV1JmFh0G9Q5lwgw2+avN9wZcmJhYzKMj8Mx2+I3oSz9Hd2+De3yKD+WBP1b91XVKuKy5HSlq0+cFQMuRuc15Ee2fkhDyt+zGpY/KtQsuA9Nt+UyW/2hh3ztz/AC6fKrBb6VFboFijSNB+VAAPlUlqa4/LyKeok+kZLacPatdgctoYUPfO3L8hk1M2nAsrANe3jEd6wry/M5PyrSvsyIemaYm+7B5R8KQ9VN/LwLc5S7ZpHD8a22g6bAhPLFbRoMnfAUCnV1zTop3ilcGVG5WycAGh9ImDababgnskB8thWP8AEMkh1y/PO2e3ffPmau3dLhPBzoNKTysm8xa3buo7OZQO4dKU2po4xzqw8Mg18+RaleRY5ZmwKOt+ILtNmckCsrqs9GaY21+qNJ1rhThrVZZJrmwCTuctLDI0bE+Jxt8qq976OdMBJsNTuIfBZkWQfEYNR0HFVwmAxyKkY+JYpWw2VND99EcpUyJLhLg+2tLoPqWqRBEOVWJT6/tJ6VqNtDbCL+JmNl7ypyfjWSJqyP8AgcY86cj1N4nDRuyN4qcVeXL5kDKCfys1WSLyod1x3keyqTacXXkICylZ1/p9fjUva8V2VxtcI8JPf+Ifvpc4eqLjldk5zMOjH31DcUa8dH0uSQkCVgVj37/GpBL23liMkMyPGBklTnFYt6QOIDqequiE9hEeUUNVblLBdklGOSAv7t7u5kmlJYsc5JphM9wptXB6U6nv3+VdTGDA2etgChSw5yz7Ku+9Lu5lRTvVS1nV5ZJk0/TR2lzIcezzNbdJTulufSFWSwg/Ub9r64Npbk8v/ukdw8PfUrp8AARQMKPpSNC4fNpbL2vMzndjjck9STU+lhyjZSK2WWrpAQj7khokadr2h3CAkVX9ak5ruQ+Kv9KsNuptrVvFtqqmtNi5xnfkf6UNcV8wcnhqIvS5Y31aeIgOqRIp37wAf1qwLIqjCRqF7gd6o3D13jX7svurAZHjjar4kluUBUrjzrFKtx4RTkm8ibWRpDhMmpOG3kP4vmaLiigiXljUL7BS+f3CsLZsyJjhAxk5xRACKNh8Kaye7pXuNtzQFjvaZG2wr0sMbCmdwK7O+/yoS0OFyx64+VeKMdK5BzU6AFOCaoLJ4obxFOIh93nXoIBAxvXrNjvzUJkVyKAOYZr31R03PxplpPE5HlSO1PdsKrASYRnJ7h50l8AY5snypguTsNzSl5ie8bVWMF5YhvbTLv5UWsTsds08tk0hAIA9lTckXtbI6GaWFuaB3jb+iSKq2qsW1K5Zzlmclj4mtDXSSwGVx7KoPEEP2fXLuI7cr4+VHXNSeBN1e1ZAMHrSlwfbXEjNKRQenxprZnEsMeVceYHY04UPtr1UOMe+pkvAlZ5I2yrEe+iY9UkTZtzmh3Xah2Xfar4ZE36E3DqKtuxINFR3mcetnyqtgEUuOZ4zjO1TagvMa7LZFdsTkMR3bGoy/wBFtLzmePmgkY55k3BPmDQkN+QcPUlb3KMuzY9pqsY5QW7d2Vq40S/tclFSdPGM4PwNAG4MZKuCjj8rDBq99pznB+NN3dpbXqclzDHIOnrDp76Ype4Dh7GQ8U619mhKo2ZWGBU76PtHj07TF1O7RZL+7HPlxkoncPf1+FGa76NrC/uFntrmeBsjMbHnUjwGdx8TUpdW1zbrjssoOhj3wPZWyy2PlKFf5mdQe/MiRXUT3ohHlTqX0UjDnUgd9VxJQc4beku7+NZouWRvBZb5hyeocr1Hsqj67Ji9Uf0H+lWq2lL6chO5G1UniSUJfjJ2COflXZivhWDO38WSv6LdAXhlDEMyhgR45NX+z1FGt1IiR894AX5VlejtzuwzuFXFWS3uHSPl5yMHpSbqtwNcsG1BRzb5pWRnur3GdsV4VwMVxDame82D12ric9K8GeX2eNcNzufhUwGmelsZya9j3bYZ9tI6nan4UI6ChYWRZBB658cVzNv0xXp2HUGkYLNjNCWK5unL1rjv1r0IMkd9Ljj8evnVZCURAUnx9tLWIt1zj2UVHD3jpRcEGeoOPOluY6MMgMVng7UbDZk74qQht8jptR0EOAdqVKwfGsDt7DmxkVIwWSL+UURGowO+ikAxvSsthtKI3Dar4CsX44HLxfqgGwE2PkK3OMgdKw7jwcvGOqg982f8IrRp18Rh1LbRBbE4xinIxy9O+kDcnzp1RhRkZrVkyIeIBx4U4gB2G1Nq2VGO6nF3A6Z8PKqYQ0w2ximeXOdqKf8AF7qQVHuq0ygbG+O7upAG/wBafK460kdcd+aLJGhsp62xpYdkGQaUV32FNuM7d1TIAZbXrpnJyKPjvEf+ifGoLJB8KUrkHc7VYSkyyCU8uxB8/GuJV8ZGDUIlzykDNFJeb7/KrTYWULvtOgnyZIxk/mGxHvqAvNNmtuZ0btYvZ6w/fVjFwMZBB8qblIbBHXxrTW1J8gyRE2TAaZkHbJqgcazmOdz38j/MYrQpkWG2kCbKWLfGst48kzOo8Qf0rsVrhGKTwQukOFnffA5RVjXcZPWqtpZ++Y+GKskUjBBvVTXIMWb0rZXcge6vAw3xk4pnc04iMRXnsG5M59z1pUcbN02FOxxDHrdTT/qxrj1QaHJaY3GgUAnrS85BGabeUL4U0ZxtmhYaywkADYCvVBGyihkkJ6daIQsetLbGxQTFGD19pxRSRgADHvoeAFCCfCjYmzgkEAUqTHxiOxxkj8O1FRqBsvWmA56DwomI4G+AfGktj4oJjQ+rsfdRUe2BmhElGO/306km/jS2xyDlbp0pwPnYUGj5AoiM7DNDkpoMirFfSLGV401AeJV/igraIj03rHvSap/5wuT/AEI/8orVp38Rh1K4KymzAinlphTg42Ip6MjGTvWxmIdUber304p33pCNilYx1oQkesveaTnAPjSs+rnqaRzeNRMgk4OcZFNlcMd8inOgxST+I0RTZxA2ApDdKUGye/akt5ir9QRtsA5pJJycUphnz768Hfk7USKEkH2mnUYnA8O6m3O9eKSTnPSoQfMgUc2T1xXrXYBA5tjTJAZTnr9aEnDZHtptLxJEfQdet/Fmz0rJOOZCL1AO8HNatfN/Fjv1FZJxdmXVMDPqr+td6t8GOfRF6Q337Z6dTViSTCjpVd0sctwVYdamSrISuTVWdgR4R9BxfrRsf4R7DXV1edZvHU6H2UNN1NdXUKLQw/4h7aT+z7a6uoZdjohEXUeyi7f+V+FdXUmXY6IUnQ+2n06iurqSx8Qhvy+2n4/wvXV1LHIej6mnovwn311dS2MHoOg/rUXB0Psrq6qI+gyL8QrIPSd/+Xz/ANSP/KK6urTp/mMOo6Kwere2nF/CP6tdXVtZiHO6l/lrq6hLPe4U0etdXVRBU35abrq6jQLOX9aS3RvZXV1WCxA/GKQ/VvZXV1F6kOPd7a4V1dUZBTdPfTE/4lrq6jq+ZEOvv5sKyvXv/usvsFdXV3o9GORGWv8AOx7KmZPxe6urqqfYB//Z', 1, 0);
INSERT INTO picture(picture_id, content, accomodation_id, entity_version) VALUES (2, 'data:image/jpeg;base64,/9j/4AAQSkZJRgABAQEBLAEsAAD/2wBDAAgGBgcGBQgHBwcJCQgKDBQNDAsLDBkSEw8UHRofHh0aHBwgJC4nICIsIxwcKDcpLDAxNDQ0Hyc5PTgyPC4zNDL/2wBDAQkJCQwLDBgNDRgyIRwhMjIyMjIyMjIyMjIyMjIyMjIyMjIyMjIyMjIyMjIyMjIyMjIyMjIyMjIyMjIyMjIyMjL/wAARCADIASwDASIAAhEBAxEB/8QAGwAAAgMBAQEAAAAAAAAAAAAABAUCAwYAAQf/xABBEAACAQMCAwUFBwIEBQQDAAABAgMABBESIQUxQRMiUWFxBoGRocEUIzJCUrHR4fAVYnLxJDOCkrIlNFPCQ0Si/8QAGgEAAwEBAQEAAAAAAAAAAAAAAgMEAQAFBv/EACsRAAICAgIABQMFAAMAAAAAAAABAhEDIRIxBCIyQVEjYXETM0KRsYGhwf/aAAwDAQACEQMRAD8A2cwxCfOq4lq24/5QHia6IbioJ+lFkfUxNxJNQk9ax8V6RM6kbByB8a2lzhtXmTXzlX++kIPNz+9OloWtmjjuM9aMiuuhNZmHiBQshjDN+XfFXQ3QSQszzIp/Kw1qPeN6B7CTo1azZ9aMvBaK0BtJnkDx5kDpgxtttnkevLwrOQXepA4/CeobINe8O4zHfCTSjIY20kMQc+lKaaGJp0O1NWawilmIAHU9KFilVxlSDXl63/DFf1HFYslbNcDn4lbKSO1BPkCaqPFYh+FHb4CgexDHu8vOp/Zih328s10vEz9jFgiEni0h/DAB5k5qJvrp/wAJVf8AStViPswNuW+RViour8W432pbzZJasYscFui6HiV7Ee+4lXwYUwh4nBLs4Mbee4+NKwPKpBQ3TPSthmnEGWOLHuQRkEEeIrylVpDefY7m9EttFFFIEETy4kcdWC8sb/I1dacT+0SuhUEL+cHmfSvSTTIXYwxXVCKeGYlY5FZhzAO4q3FEgSNeEjUa961EUL3ILqJ4TUGqRPWvAsxGqGLtGU5weVGuwWEoDDCRjvHeqFkVvu9QLLjUPChHvr83McJtoxrPPVyHU1fJE0KTSZUkqeQxvT40xT0F8ATUk02Pxtn4kn+KdADNA8Hh7KxAAwCx+A2+lMVTfNWRVImk9gvFW0cKm/zYX4mkluv3a+e9NuPsVsYk/VJn4A/zWdu+ICztWYYLKhIHoKknL6zfwimC+kl8sZSMI4znmRtSS4n0qI0YnQoQEnOABgCk/CONrPwG1X7WJpuyDTSGTUwY7kHwxmgpL2XiTpb2OtkkOAYz35umF/Svi3M8l8aQ7yyuXXwNtY1rsuvOJElobV8MG0ST41aD+lR+Z/LkOvhTz2d9jmuFS64gjR2+rtEhLZZyfzMepPj8PGm3s97HRcOWO64gkb3CriOFR3IR4Af355rTPISedX4sPuyPJl9keIiQxLFGqoijAVRgAVFsGuO5rsY51SIs4AV1cPIV6FPhXHCy5/Cg86XXjXscgkh1dmF72nf5UyuPxRj1NRk/9vJ/pP7V8rnx84xV0fQ4pcW2Z6RhdxqBcGJ85VhseXnWdf2S4hEMxyQz+YOkn4/zT2MmSSW3QjO6jPKlz8D9oeFxmS3uO2iUfhhkOR/0kb+6glizRdRnf5NWTFLbjX4Edxwq9tm1y2ssZHUrkfEVWpI5MDTq29puJLjUqSjA/Guk/Kizxnh12o+28MUsQMsmCfoaxZMsfVH+juON9P8Asztu0jXmkPgac4J8/wCtNL+wuuDS6Lq1a3eQagGXGoePnRn2TgdxvDdSWzeD5x8/5ry94JxC8iXsr6O7RF0oGc5A8BzFd+svfX5N/SftsItos2ULH8RQE1InfQxJxvg9KLWG4EcavCdegA4GwIFTHDpXOpiqDHU5rzk9ss9kAkkjYCvAcbg7Yo4W1pEMST6yOif0r3t7eMfd22fN6arfsA6QEsbv+FWJ8hVy2snVdI571a15K2wKqPBRVByzFndmycDUc42/rTIwkxcpxRLCp+cMR4DNQIdtgcDxqWw5VIb8jTI4/kXLJ8C2SK5aYK6ER6u9JucD0opuHRuNUepCPzA/zTwRAxg4HLoPLxqsRjf/AHxXqY8MK6IJ5Zt9iFrS4jbI+8A5FeYoqDiF5H3QRLjmkmze402MIZuWfnS3iM8MBFusYnun/BCNz6nwFG4cNpgqfLTQfaXou1ciJ42U6WVvoaJoHhVrJaWemZg0jMWbTyGego3NDG3thSrpESOdEmeK0tSrOA5XW3kKriQux8BvUL6wgulTtUDEMCD1AG/OnRTfQDaIWsZJNzIMPJyB/Ko5D+/OpXTdwDxYfz9KuZcMAOQFDzAvJGnrn9vrT4LdCZM0NlGUsoVI30DPrRUanPLavbSPXbRnxUUNxXiicPQxRYa4I68kHif4p8skYRtiowcnSFvtPKokgiBGURmI8CeX7VkJI3kJ570zkkadmZmLMxySeZNckGTyrz8beSUpv5LJpQjGJkOLezaTwPNDbx9rgszAAEqAWbPjsK3XsHwO34VwVbnTrupcZlfcgaRsPjQl4gWyuwB/+sy+9iqf/Y1q+EQhOEQDxyfnV2KCTskyybVFryk7VUMk1eyDNQ0gVVaJ6ZEYFe7muyM17nwrOSC4s4A17g+VRJNdg1nI3iLLo4kX0qmV/wDh39KsvD96B5ChpziBq+fcdxPYvTEHCPveLzHoGJrYAAgVj/ZrvzXMvi+K1yHYUUVchTflPl80KjiNygUkrK2ATj83Kr4ogUG+MqfPOOldxIaeMXydmxzMxG+BmpJLjvasZCkYABO3lU07soj0Fi2VVUuGyoz3mxq8h570LLbLGfu3ZHA05h8efOi0cBVwH0spAJPMY5VW0xbUwZiugZEe2P8AbFJ2GOYZJ0giImk3UZy2rO3nUXJc95mYj9RzVobTBGQrqeRccjt+9RkkBKpryqnClhjAqbiUcik+GK8J8Kk+ldXeUqOR5ZHlQ0ky7FG1KeRXejpmNlmrpjNSaXMKA7YY/Sgu3JXJUjyPOvbdJLxxbRKXlwzlRscbCnY03pCZ0tsI7UV3a7ZzVvDuEXN69zHMkls0RGkyLs+eZHlTK39mYpOGG24idcxLZlhYrkE7VTDBN9iJ5Yro77dBG9vbvIvbTDEaDdjgZPuq0Opbc4OBjVz6+NGy29tHEmtIy0a4VmUZG2KHPZSW4jzEcADBTC7eVXp0RvYuur2SWZrXh4V5l/HMd0i/k+VTs+Hx2isQS8znMkr/AInPmfpTAW9sW+70oSc9w4+VePbsg1BwVHPI3+Naq9TMbfpRBjtUVOa5ycV7AuuRVPXalocwxQYbUFgRkhm23PgK8c5PkFJqMVjbxzMyqT3cHUxI+dTddRYBtONtqrxpWTzKg2osemcD4VWo1XfkoA/c/wAVZEPulPU70M0/ZGVgRqLEZ8MYH0oVNRjyZri5OkPLjjKWPDo4oiDcadydwg8T5+ArF33EgrMzFpJHJITO7HqSeg8/9q8vLt3lEEKmSdiMLucZ6nxPlzPpvWk4B7Jran7dxIdrcfj0NuFx1boSOg5ClqMssuUg3JQXGInsFd4kMuNenLAAgZ99H4AFVQnUzyHmxz8d6tau8KvJfy2dnfnr4ArxgYZR+qSGP/8ApnP/AIitjajsrC3TwjX9qxs41tbp1kunP/bGB+7mts2FAUdBirV0TSKy/nVZYGouarJ86MEtzvUgaoDHpVisR0+NcYWgnoK97vU1DLN0qQV8cyKw0UXJH2gjPSgOK3MVrYs8jackKM+Joi8DNc6l5qxqm8t4byJFmjDAb4PQ15Cal5fdHpO43L2Ym9lmUcP1Z3di3zrULJ3RWeXhEKXMYhlMA3JjU4LDypqllMi4W7kx4Ooasiqdi27WjDca7nHL4lWKmTOxIxsN/nQ4mC5UOCMaO7vnrmtVf+yBvrqW4N4Vkkxkadv72oGb2M4h3uyuYmycnOcmkyxtttDo5EkKGn2YhWGpfz4OSD8qoM7tOw1FkxsF29fdTWb2W4umSIQ5xgkSHfzpbPwfikRIlsZzy3HLaheN/Aamvk0n2pUVebAEZU8ifOqZrp5JC2c53JOSav4dYi7uTE7aSYy26/hOcb04suBGPiFvcLNCY4wUdVQgv5npmlQ8NOX4DlnjHozluhmuEg7XMkjaQCRknBNHR8HvY7+1WaAmFnIkYbhBjb13rVDh1mzrN9nj7RMsrAYINXS3EEEpDsBjG3M1TDwsVtiJeIk9ISwezkdtxCK5juGZE1ZiZQQ2aOSxt4nF12UXalSO0UacqeleXPFl04QBQCTlqVzcTaUjGqQjYdBTXLHjVAKE5sbx3EcNuq6VUqMaE3UeQNBXXFkj2aRU8gd6VyNczDvMVU9AMVUvDO1OAAWPmKRLxL/ih0fDL+TC2uTN3s7HcVVPPNHH9xEJZCQApcKN+pPQUFG0g+06ntYY4ANHaykNIfAAA4x54qNtG7EmFTGjbmRiSW9Aaqi7QhqmNZmltpxC8ltOSoOq2dmGfDcCrYwQNR5+AoMKYhpRTk825miLGJ2WZ3JJYjFZk8sbZsNy0WM9W2c0UrMsOXnj3bY4UZxzpbeyyQvjKqPEimfs/CsNm8g3MjZLeNbje0ZNaGCfmP8Am/aqmJFu79SDVnKDPUj5n/eqLmULH2K7tzPlVHJRi2xPHlKgWfiEVvPHb/mZWOc8sY+POk093NeT9hajVJnBbmE/k/IfKiL/AIXHe279sgcgd0kZIJ2GPfV9jw634TaiO3Olck945J3rIw5O2bKVKkOPZzhUFhG02kPc53kO+M88fzzNOL65aPh1w2cfdkfHb60Hwh+0SQZzgj61PjbFOFsP1uq/PP0p02o42/sKguU0jPwjCe+pkVGLaNfSukbSjN4DNKwLjjivsMyu5tldsna8T4an+V5D/wBUpH7JWiuL1I+IRWrug7RTgfm1Z2HpjNKeAQdr7RQoeUNrCp9ezLH5vU/aVZIOOoyayqojYzgbHxqm1oSxyYGPSpLaHrTCEw3ESzROrxuMqynYir440JwzhBjmRmuc6MURatsBVgt/KjCFHKvNq7kdxKFhA6VPsx4CrQKlih5hKJlrcBnlJ/XRPZqw5D4UNZbo58XNRveL2nDZkjuWdS4ypCZFeNNed0epH07CTZozBiqFhyJXcVIwEDpQ0XHeGScrj4oaJHErFxtdR+84okgWkRMbDpXhDD8pq4XNs34biI+jivcq34WU+hzRxFuKB9XkfhVU51afuhJhgdzjHnRug+HyrwoOopgHEF2yDgZ9Ks7VoYC7YbTk7belW6FByAKG4khbhtwozkpgY51rdJs5Qt0KbnjBUFDJjbBVOdLmvJpjiMYJ6nc10NhlsFtHeAyw7o9fCr47c5IGMD8RwcDfy6VBLPkl9i2OKEQeOCSeQA5djyFFwxqvNds5yOdeKu/Ic6NMgMjkQkRkBQGAJUevjQRirthSb9iIk2HdxkDUNzrOc5NXw6CCCiEAn8fnt/WoxsgUkq6nTpBXqfOrImDKFYoM7ZYfhxv86agGZubhELX0kpA19oWHiDvypjBBpjCsS2OpP7micfeORyz08frUlTOByP8AfTpV2JUiPJtlfYjKgr4HAH0oqBAqHavAo7uf7/mpg6Ys++hzdpG49WwIwrPPIzAEAgelMLaMRcOVRtkbe80NGMWjN1Yn+KJllj0CCNgWXAOOmBRKk7+wO2iN5dxRRMA4BU4Pl1pZYSPdSvIyFYSO4WG7eJ9KlLwaO4vEkkeTY62QOQreGRRzACQgbBQFFHxumweVaRCYAdmP84Pwy3/1qGkrMQSdhipOddxGvgpPxIH7Zr2U4nJqqPQiQ54JgSyrjPdB+dQ9qpMW1rEBjU7N8Bj61ZwI5uiPFDQntQ+viUEXRIwfiT/FI8U/ptfI3AvqJioDAAqm7ybaRRzYaR6nb60RUVUNeWiHkZ0J9AdR+QpvSF9saezAD8f4pOBkLJIq+i4Qf+NW8S4MLriJuvs5k7dhrAfGgYxnf0qHsNH21hPctnMjav8AuLN9abcbW7e0CcPk0zhxyYDbfx91DmlT0FjSfZ1hA9ni1UgwRRjTkYOSaOIPjXkckfaIpQiRk3PTartv010JXEycaZTvXb+FXY8qhIwVCxIGBnnR8gaIjV0Fdl/KvBcQac9smrAOM0H/AIrDGSsksSkchnpWGibh4zb58WNJ/aq27cLgbooNPLAYtk880LxOPtJWGPyivOiryMvbqCPnD3Zs5hG2TkZoyLjC7DUc+FKPadZLfjOiMMQsQJAXPMml0Mk7aASG1qcDSDk7+FA27NSRrl4xbsSGkjBHMMwFTS/hkOEdSf8AKQf2rMxvcAR5SFlbbGxPL5V6puJAuYoUVttQBB+W+KzkbTNUvEreON1a7mS4/wDxqrYU+u+fHlUhxm5T8N7KPVzWcjuLy2gnRLWJl0hWMkeSvTIJ3HrVNk1xNxa1iaEmNpwhbO2M86BzaTZqSbpmuHtBfLyvM/6sGmNlxXiN0rNJInZ8gezG9ULwiMHJUHHlRghMOIwoXbkDSI+JnJfA94IpkisrSsiMj4GW0k4bHU551ANJGA7KdDqVHQEdasSYquhl1R6tRTPPp7tqqdwQBpAUZxXc0dxZGMFmACFidsDrRRuZX1rKznURrw2ckDAzvv60KG0EEEqRyI2NWdqdjsrAYGBjFap0Y42EiUaRsVOnfn3985P99KtjnCrj1I64yN6X5cEYOkdcjmPCo61Qtp5scnfma79X4McPkIOO0ZtufM1IMdOF2BPPGQaDNwq88nlsDgf1oRp7yd2CTJBHkY7mp+XjyFehGDcU5b+xFKaTajocAyMRl9vSrZziLT1O1LOG2ifau2aWaaQL+KRs8/Kjb2QRoznkqk0HH6lVQXLyXYDw66vLqbsZIWjgH4Sy4JwaZw2ccd68oHfMYDHxyf6ULwOQ3JeU7qpIFM03eZvF8D0Ax/NOhCnt2Lc7XwQXvTyeAwu3pn61TzyfEnnXLIQhcfmYtXuO6B5U/wB0hXs2DxnXxB/BVA+RP/2FWTD70Y8KhYDXNcSeLnHxx9BVsw+9XbmKcuhb7GnA2CXyEnYqR8qC43IJuOTsDkKQg9wH1zRnBgp4hAG5M2DSiZxNeTyDk0jEfGps7uUY/f8AwdiVKUvseZGKCu7n7OTL/wDHDM4PmIyB82FGY2pRxkkxyIPzokX/AHyAfspp4tG19kilnwGNWBzkDYeCgU0kh7ddYZwrE4w2CKW2FxZ2vDIUknVXIJK4JO5PlTK2u4JrQPHICoYjLYX9zSsrT6GY4yW2tAPFWj4VbJfEf8twO6O8c7dTShvap3Hdhm97gftmmftMyXXAJ0jdZHRlcKjBmOCOQFY5VdcKYZ9WM47JuXwqWWWcF5D0PDYMGS3lf/Y4f2hun/DEo/1OT/FDz8WupImR2RQwwdK7/HNVR2d4+NFjcnruoX9zVx4dxFIxI1iwGcZaRfoTS/1c7e2WfpeCitJf6ArdXCxrH27BPyg8xXSzSMwLs7kDGWYmijYcSdXKQgoBkrgkftWevJpo59OnpyBO3lTouT7ZLN4uoV/RvbMYto/SqLve4b3ftRNsMQxj/KKDuy3ay6MaumeWcUGL1tk2T0I+b+10Kvx+Q6yGWJMAL9ffQKWuC5JVQcEaVxk/xTvjcMsvFZXk7NJSqKRpPf7oyB050NFGFyDt3ezbUMFWxnG1TZJeZjoLyohFapoR1RQuoZZmBIOfjijYraMnJC7Md2yQR0x1xmrIQpeN07QZymskeHLwqSHDR93WcYOoEjA6D0pMrYZ7JErjcrIQ5HaPk5GOvTFC8OgRuNWsmGdllXLEj3Hx6UTNIdJYMJASNLYwp088538Kp4bIknGrbAYkS6s8gAfKlNNJhKrRtHwSAFbfoOtDaow41qxA5iiGYAE5VhywTv6ihWZVAA0556gc0CdDqs7XGBgqcEg6sYI8hvyquaVZCCEVMDGFGM+Z86nl3Y9mdTZOXPIg14tvBBIWdizuc4JOPh0ouT6RnFdsgyzTuGDb7ZZweX+1cEigGANTKNiTnHvqd1OFkVYpCAMZ26133UbYLAqOUi55+OOvpRwhb2xcp0tFOJJ8kEYHSoGNhzI54qUd5HGshBOAMFs4z/SlnEfaQw6Y4oxKAQv4uW5NNhjtCpS3sPkgYOQWHLP4c9fkKiYWjOC2FIBGB6jl7qVrecXupO0SwYRMww+kkYzua07cOU7lm2AAYgbj+zXp43SSIMi2zzhiARySA5ycZxjlQnHJStm4B3chR+/0pnbJ2VoBkHJO45Ggry2iukUSyaQGyNxvS8buTkMmuMFEv4BCtvwxTvv3iT8aKDGOy1nnoLH1O/1rxF7LhoRdiy4HvOPrXXZ+5CfqZV92f6U6AuWinGmNEHMACpOwRWc8lBPwrz8Ugx61VfNpspfFhp+Jx9aZH1NgPpHnCgVjRTzZCx9dv60TMCJEI59MVTad2eNcfkx9aImXDL69KcuhfuXwSi3PbDPcBPypXAO7vR1wQtm4znIA+NCRjCCpZbzpfCHrWJ/dksUmvPvuKW8X6rpM+iIW/dhTqlHD1+1+01uo5DtpPiwQfIVQKQ8NwWtXheIo8ZKsDhSMEAHcdc/Km3s7b9vw5+0SJnimKMWXfGxG9KuOy3UXHmmtUmYaUXUi5BIFG+z17Nb2t28kbGIya3kbYDbf51PJasfF+w/jVGV+4qBW/NtyNZv2k41Dwp2dIIroS6UyGHd2b+KObicd1Z3fYJcJMA2CU6YHMjx6VnLkxX92YLuFkGgMyhtLBvH13P0pKXyMNJxTjP2Hg32yJUeRgoC5wNyP2zS+fjFxc8FjuLdogVwX1AsynHIDl8aBs7MX1rLb/a9Uds5RU6SDmM/L3irre5FtY3Fq8S9mp/Dnl1x5Zwa2kcV2vHrqcSW8l6CwXZWjVQem2ADWe4rcTwcQkBIbUA2SuM5HnWiH+E6JkYpNKwGoHusAeXjjyrNT2lxxmYyxyhFhxDl2BLYGc59+PdWpUbezdxDCKPIUtu3xcP8A6qvuL9bQqOzLk+FLpZPtEpcnTk5xUUfF4cc2pMfLw+ScU0jK8bvbdeLTxMhEndOs5wB+wz9KTGYpdsFbeWUhQTk55ZPov7VsL/gVjxAyG6vWGWyO8o08th8KX23srwETtOOKvKVDDuyRgLn0G3hU0ssJu1YUsM6S+ClJdbK2osyjW3fAU48COtQ1sx0KvbEZOnmBkb+ec09+xcBVwDdrkAgKHGAD4ADavfsns+dGZXkC8gHY/ICjU0/Zm8Wu2jMzOGc7Rlu02A5HPL3e6o8Fdjxm0VixxKcYJwux6edaOWL2ajHZvG5Vn5DXjIrrN/Z83kQtbWQS6soSrYU4PiceNZK2npnKk+xh2ouCTEUYZKnSORHhXltZ9ggWSZpTucyEE0ZqXBVAF+vpQMveO5zvk+NIWN9sc8i6QQsgRlAXHeGFI2I86oADXICjfOxZtOD5mosAdwMDkBnfNB3NyscT4Ol+pflTkktC7b2XTSJJOxLLHknYDYVRe3RSAsQAvPA6bUj4jxZ0k+5UP4nG1D2Ef+PSxWbyNGzyMQ535KOlNwwcu/cXkkonJfXV2lxGIGKasd0Hcb0y4J7MQ8UjuHuHmhZZQQoGOnmKe+zXs2ODzS3C3QnWUacFMYwadXV7FbnSMM+cYA5etXRhHHHZJKcpyqJTbxQ8K4esBkJSPYFuZoGS7aeZhGpQEjO5yaHmkkuZ2eRiRywDjAq2BC0oB8c8qbyXDkgFB8qYxkOmBF8Fz8aAeFJJlLKpYciRyoyc9PdVMA13KeGc/ClYlUBmR3INlHfhjHLVn3Afzih7tvvYl8Az/LA/eiD3rk/5Ex7yf6UJN3riQ/pVV+pqmKESZ7EcknoBih+IZYQRdZJB8h/UUVCO56mhbg6uJQjpHGX+P+1bj6v5Mnpl0Tf8amORzj4UXLjSO6M6udAQnTdw/wCrHyNMJh3c+dNFopvGHYKMbs2dqqUYAFe3ZLSRIPCvQKmx7yyfxSHz1jiiLMEUseQGTSX2ekK3tzdaSxhgiQAdWbLkfE0z4k+jhlwRzMZUep2+tA8Dla2s7u4ikEbS3jIjFQdlGNs+lUCkOJuMzxSESWoEjDIDyMG5jpnHInlVC8SltpO1iihHaKdcepm1Z6+Xr51TeS3l8umV3YFtSmMKGJ8cj9qUy30UEpEssiM3NWQL5c6B8GhkVK+xtBxi5tpmNq0JtZJAcSA6l8jjkMjzq27ZLy9aae2MUmoqGgIcYGeanB6+FDXVzYSWnZqknalMK+lSc+7mPKu4dLbzBGdt4wdWnY6v4/mlNR9h0IybIcFvNV3clmZYk0h444ye02IBPUZ8qvu+K2WqaH7DdLIoI1gqFIwT47jnz60Lfho+JJPakMJE7LunGk/lJ8gahb8Ll4gXDT3LrHMCZVACM3LHLPU+POsSTCnFx7B7Lj8tsjy2tnHJoj1O5A1Ec8Hnmiobo8NtLeH7DbXJeMStKzMupm7x2xyyTS/inDP8OVrOKaee8uRpigC7qv6vSmQ4XPcQQC54xd64oliCxxlAoHQbb+vWj4sXaNM0EUoxIisPBhmsreaYroKoAGo4A9a1oO1YzijYvovU1JiilYzK3oL4Hbm5u7x5FXHagDYcgKd8Rtl/wmeJFHeiYAAYztSv2XXTDcPg96dzuMU+uBrhK45jFbj7YufR83WRgB3QjKpKaQAwweZ+dRluoo5oLd3ZGlOY0VSxJ5b45VSkTRXAVlOxYZfYH41aqoxV2Yp3dJOM5OfltQUMJXBUBMqVGs5XO+OoojhTKvErUBxq1HKj0POl8zAqoZiyjUvnig+A8QM3tBDCsOhVLZPjgHnQSfldfBsVtWfSJHLRkEg4OSaHmKpJjtF5DdaFuLlEyQGVRzzWfvONNLHiAHOMZLcqkT5aoqqtsa33EEtkZi6lgDgZ60ha5l4xogQ4kkzhcczVXB4zxHiMVjK+O0yAeZFbOw9jILC9iuxdSF4m1BcbGqsWG9iMmXjoRcC9nOJ2/FIZLq2Jtgx1gnYjHhW2itbSBdaxW6FWOGQcv61ZdX0duME6n6KP72pPJM87EsABnIVRgU6WSGJUtsTHHLK7ekGSX8mgosmrxcjBPoKEDNvv1yNzsagBtVgXeopZZTdssjjjFUioqNfLboSOVE2wzKTjl1qhjh8bgkcgcZou0GULeJr0G/opfNEa/cZ07Y9wzXvDxqcvzAXA2oa/mEcbHbcgCjOHfd2XaMMZ7x9wpkVpIW9tl8feaRv1OQPdt9KBDhg7/qdm5+76UUWMNlqPNULH1xn96DVMCOPwUA0xOo2A9yoKQYjXPhvQS9+8upOgwg+X8GmGw58hS2yJa0Mh5yuW/v4mmQVJICTu2TGBcQsf1j50zl/AfdSiVys8OVz94u46b04lH3bUa9wF0ASHVd+SjHyq0VTF3pXarxUvhtpy+WyjPpqPwhdxpgtkink0q59AdR/8aD4cqx+z/DI3B1yq8xOnIGo/1rvaifs7XSOYikYeuAo/8qZhorWKC2bbsYUTltyqqLp2JatUThQi3ClwMfhIGQKVXMgfiaRyupcgvktuBtnnz3p3G0bJ3SCDQzrCvEYGZBlkkTOP9J+lbPzbNi+KoSf4ee2+5DQqe8TjO39a8uuG31qDNbqJc7ugPez4jPP41qEhhwAgXY5A8/fUpAVUg5GR0FKcIjFkZj4b5GKrPIyzlhmOZCrj3eHpRr35iY/ZmDTHkMb++jOJ2sXEOE3UcbRErGxRtGCHHLB59OlJPYqW5uYrhrjDRKQmpuZ2/Dn50p466HLImtjCznlsbqW+7zXbphpSM908xjliqZvaS+icAz2uCMgdixIHxp1cwxmJWVMMx0OB49M0O3ChK2rljbkD9KxQn7HOSNFnuk1iOKP/AOpRCtq5xGx8jXzjj9+ltxJSSCwXYUqGk2zsm2jX+zPe4TG+/fLNv5k06lPcpR7P6V4RbAf/ABj9qZyuAldi7AydHyziUk8XFruJQAFmYDIztmq1e5YHDbnqBR3GnVuNXLQ4fLjl443qmMgjvDSR0zSpY0mOjO0BTW1zKhBmZc7Z1UNwywHCuKJePPI+kNkYwDkH309W3eYZjjLem9Rk4NxG4OI7YgnlnascW00juSu2U/aLriMTFDI+/IZNMPZfhNxJxfRf2j/ZihwXXAzTb2a4Xd8Hs7r7Y8dvrYMsjYYLy8a1E1ytvCZGGRnGF60cMSirYE8rk6RCLhnD7VhJFaRIy7hgoyPfQ13xQkFLf/v/AIoOa8a5kHaEiMH8K1TKTKracIxGxC7D3UnL4m1UNDsfh63M8Tv9/vZO5yN6vERUgDceIqMSkyKAQG5Ak4FWqp3IBIwTkeFTJWUN0eqo3228a5lBweZGx8xXoB22HLlmu1YXcgfvRVQINcOFkI2xjr0/vwphbjTbLnmRmlU5DXqqGbcgAim7nTDirm7jBEvTkxNxNy80EQ5sST4+FPSuiyWMfmAX4mkCqbjjoXpHjp5f1rRy7yxL0GW+AwP3pwl9FF8fuNH63VfdnP0qmPvTZ9TU7ps3ES/pVnP7D61GAZZj4bU2XSQtd2dePosp2BwdBA9Tt9aphTs7eKMclQfPeu4mSbeOIc5JAPhv/FTY/ePjkDgelNQuQDct94h6hgfnT+c4ikPgprM8SYRsMZ3GfhT26kzCd+dDOXGMpfY3EuUkgeAd0nzq6q4hiNfjU6XgjxxxQzK7m2Z3jg+1cXgthvqeGL4uWPyUU2Z04hc3ZTKtFMYyehxjek9rJ9q9tUB/DDM8h/6Iwv7k034d/wC1DHOt2ZySc5yT8qdVoAAu+3tCrKWB/UDsaTr7SyLdWxuoxpR27ycyCpHI1rpcFSGAIxvkc6QXvs/BOC1uBGx/Kfw/0pLjKO4hJDS04va3Y+5mVj1HI/Ch+JXPEILyC7sJEKYMciMxG2526eW9ZO64bPaSaWR1Oe63T3GmlrcSi27C5AnU/iEnP4/zXLNepI6qHFj7UWt7EEuIFGxAeEY6Y3X+KXeyFs7cOuY42YvrDlM8xuNh7hVK8Esrt1S0k7CTOyn6V7btLYzsYppIlRsSSRbFVB510pVVDYRtM0Dx3jEkQTlQOeDvU47u/RAptHbHUYoDh3tvZpNNFxUiUIdPa25A1Ho3h6jxzTQ8d4XKA8V9CFI5SIc/KnKUWhbUkxneM0djO6jJWNiB7q+XXPA+I8Tu3uJImGeZY4r6VNMWQgnI60FNfrFbyFoXn0rkRxjJfyFRrE6sbPIroQ8JtfaGOyjjiuYTEBhXKZ2+Io9uB8Qu1xecTkYHmqHSPgKbW0ytECsfZkjdPA+FXFieQJrYwSAcmxRD7L2EeAxZgPDamEXCuHwju26n1q4K56VPsnPM0VIHZ6qQRjuRIvoKGuJF+1wE27SEasSDlHt9eVFiAdTmpCJR0oqO4lSoJlw6gr4MM1XxUBLDb9Yo1RQXGT/wIGRnWNs+tLzL6bG4lU0Jk3A35+NWt94pjfSyAYAxVSozJhTpYnAOM4NXHIyNtq8tJ0XtqyQ5jpVpDZJOFwAcH6VREVTSAg0gfhqzW2cHmNt63R2yZGM8yMcxtUdYGceORUQCSOZz7s122gnSu3Mk7117MrRXEnacTVgfwjJpjcHYLQ1oo+0SuG1DAAPjUrx8K+M5CnGKrxeZonyKrBODp2vEJZs4OSfXn/Ip3zuJD+lQv1P0pVw+RbW2MmAzs2FHqf2pqikatWMs5JxyqqDTZPLSApW1XUzfpCoP3P71ZAMR58TVMUwVGdlyZGZ/ntRMQwijypr9SFLpglwdXE7ZOkatIf791eZwMk10ZZ+JXcqpr7NVjA+GfrVF5xOaFDpiiVh4rTPYB7Z0wjmgbIDAg0VO2VVRSJePXmrDOig8iqCnurtXh81BNTeIleNpe+h2CNZLftsvAwAPAV4dufKpGg+KTG34VdyjmsTEeuNvnVCVaFPYg9lXEnFb2+dC6pCWwOuty2PhWqNnFJAJ7Bw0S7dnjBTy8qzns1D2XDL5/wBU6wj0RQP5ppHLLbzdtA+iQc/Bh4EdaNdGXssMh7yvzzjlyriNIzjbyolDb8ZjOlTBdL+KM8vUHqP72oKWO7smI0hv8p5N6edDJNdDItMkYkmBV1BU8wwyDQc/BoyxeA6GP5W3B/ij4ZYrhdsq3VTzFW4KjcbUDUZaYVCC3tpYJyZUKkbKDyPoaoe5NlcENHgSd05GRWwRFMOhlDA7kEZFI+J8L7W4DwPhUUgxsefoelTSxtNuI2LSVCqS34NfMkcluqNn8UY2/mih7J2LAGOVyvTS+RVEFnLDLiRCMD8LDG9FBAeQ+dY8jjpnRvsbzt2q6FPd6kdarjgUeJ99dw1AOHwZwMRrufSrZJ4YlLM2QOekZqpiKsIhCrgaRRagVm7z2hW0WPsrVpC4bSXYKNv96WS+0nFZtPZtDbI3UJk+e5z+1TZPEY4urKIYZtdG6C0JccT4faf8+8gQjoXBPwFYeee7uwzXE9wTsCmslSD+1VJbKJNOBqG6d4BR1xvU78Yv4oavD/LNRc+2PDoVzBFcXBI2wmkHyyf4pdD7ZXd5ciKK0igBUkFiXOPl+1I5I9GDjSVJY7DGDtt49anwmIi/UFQo0kgY3bzpUvEzaGRwQRo5OI3Ltl7iQoOYXuD5VXqLbtknHMnJrwQ4GAdvA71YFGdtzSZTcu2MUUuiYJYAnPLwxVpWPQpBIYg5zjn0xVfaMi5GcKdQGM1Ih2JL5DHvbjGaz8G0cjsjBlyrA5BHjVxfvfdliAOZGPWqDlVLAEkdBzNeqrJkmVsFs4P7emazlRvGz15G1FV0l9jpBxgZ517GwbUGTBPInG39KpupEjjZmUEgZ3OPPn4Vlrr2uS24t9mwCNIBwuTq8cnYjp61sblLRjajHZvrdGEWvGzEnNKuJzGNmRsFWXOff+9P7YH/AA+I4IJXOD0pLxuESWUuAAwXIJGcGrox4RTRJJ83TIyOXCgc9vjTq4Yw2jt1CbevL96y3Cbv7TfwwschN2Y8zitAzy3aTMrKIo3UaSuSRtvnPj+1b4R3J32wfELyqioxkFEwcDC5xRi4zvyqnvmYK2Nsnauu5Oysp3HMIQPU7D96uXqZK/SgG27SS0eZA2qWZnyPl+9V3Ml2V0SWv2hfB13+NGQaobSFFOAEB5eO9UTXEmrAf5D+KN9Ax7FsnD4J1P3U1s3gw1L8eYp1aIVEakhiiAZHXAxQSyyOwGs7nwH8UzhGCx91S5FeSK+/+FEHUJMkaVcfdV4csbHAklRD6ZyfkppsazXtZLphgQcwsknwXSPm9VE4TwdDH7O2ZOzTM8x95NEtyNFJYMlraw6lSOGBUyx6432rxjZwDk07fAUYIgkuOJ23EyLOOSVZEyqqMgNy38K1dldSSWUcPF44hOQFyrDvbeHQ0ou764MREJEKZxhBjavJYw8WHyeuc70LbCVF3EbHQxlt2YoORHMfyKptruXUscm+eT9DQttcLFII+IiSa1J7swY6o/8AVjmPPnWjPCoXh7a1cMrLkHOoMPH+tC1aDjLZSshCEk5GKHDknJG5NDXbS2vcAO/NSenlVttKsoBHLlg0EUMbDkRXi0sAynoaqPDIycrKyjwO9eLxCzVipnQMvME1Z/iFoeVxH8axxT7NUqBrNR9ijQ7jQv7CrZIg1uwwN66uo2KiIONQ9k9oQrELGzHTsRk0BDGwIRTlhuDq2GRvXV1eFm/cZ6uP0IvVA2s5LHSCScbEV2hCRsxDgd0YJbx+ddXUCCBZI2ZUwNypUZ3AI/pXvB0Zb9O6ACjHJXfl0PhXV1a+jl2aDYHJXPqaihIJw+k775/iurqFMJokpAdTgP1PPB8quxKxWQ5GonST5eGa6uo47BeiOklTjYnkaoCtJBIiTumO4HC4ORzO4rq6gloKOxZxfa0YMuslQrgDIO3yGa+c2NseJe1thb6TpadQc7jCnJ39xrq6neH7bE5+kj7/ABj/AIWPzUGlPFI9dtKvRlIrq6r5+kkj6jNcDiC3k82Pwx6c+p/pWn4WweWWFvwuMGurqmg2ssaHNJ42Wx7sS34gAp9RzofihzapEOckgHw3+grq6vUh/wCsgn2VzkB2wdhsPQbUonf7wiurqOQMCVjlr2MHcZzWji2jz411dUq/fX4Hv9r/AJO61l+Nr9r47Ba8wTDF/wBzlj8lFdXVUJQ9vX13ku/dBwBQzjYCurqMAg4DwPjB2qTNm1U9Sorq6gfZq6K4k2OdxRllNNwre3GuA7vDn5r4V1dWNhRGBNpxmLtbdwSpwV5FW+h+RoE2TwOc5221ct/MdDXV1E1o1d0fMfaBbi34zLHIWXO4wedLhC5GRPKP+o11dXheJlKGZqLBemf/2Q==',1,0);
INSERT INTO picture(picture_id, content, accomodation_id, entity_version) VALUES (3, 'data:image/jpeg;base64,/9j/4AAQSkZJRgABAQEASABIAAD//gA7Q1JFQVRPUjogZ2QtanBlZyB2MS4wICh1c2luZyBJSkcgSlBFRyB2NjIpLCBxdWFsaXR5ID0gOTAK/9sAQwADAgIDAgIDAwMDBAMDBAUIBQUEBAUKBwcGCAwKDAwLCgsLDQ4SEA0OEQ4LCxAWEBETFBUVFQwPFxgWFBgSFBUU/9sAQwEDBAQFBAUJBQUJFA0LDRQUFBQUFBQUFBQUFBQUFBQUFBQUFBQUFBQUFBQUFBQUFBQUFBQUFBQUFBQUFBQUFBQU/8AAEQgA8AFeAwEiAAIRAQMRAf/EAB0AAAEFAQEBAQAAAAAAAAAAAAYCAwQFBwgBAAn/xABQEAABAwMCAwYCBgYGBwcCBwABAgMEAAURBiEHEjETIkFRYXGBkQgUMqGxwRUjQlJy0SQzYoKSwhZjc6Ky4fAXJUNTk9LxNDUmNkRkg4Ti/8QAHAEAAQUBAQEAAAAAAAAAAAAABAECAwUGAAcI/8QAOhEAAQMCAwUGBAUDBAMAAAAAAQACAwQREiExBRNBUWEicYGRsfAyocHRBhQjQuEVUvEWJGJyM6Ky/9oADAMBAAIRAxEAPwAT7E46Cm1RQfA1cKi5/wDikKiE9BvXzdvF7Pa6pjE5SMb192JOds+VWq42ANqbMbqQBT8eWa6yrQ0oGnW04A8xUosYyem9I7Epz1xUjX2zTSLpbQBwat7bZzd3EsoSFrVsM1UNgg5Iq2s14VapjbyD3kkGimPYXDEhn4gLjVK1Lw9uFia7Vxg9keihQWtsoVgjeu+dL8QuF/FfQwtF6ios0hLQSvnHeCgPtocA39iK5N4kaQttm1DNjWuZ+kYKFkMyuzLZWn2NGbU2fDAGy08oe13mPBQ0O0nPeYpmkELOQnvbU40tTagpOxp5+GtlXmPMU2E4O4rMuBGq07XNeMlNYfCyMEJX5Z2PtUxp3OUkb+tVITnwqQzJxhLmSOnMOo/nTb81G6Li1T34yH0YVsrwV/Oq15hcdfKsfGrJt3lA3yk9COlPqaS8jlI5k+Hp7U5ryzuUFlSg9KVnI8qekw1RiCO8g9FCmADRIfiAsmWTiVdfWnAcY86ZT18qcAydqUlNUtpfOn1FOiobailW1TEnKc+lNXJSdqcSaaCkpxvXwUT6CmpLKQk4HWvebpjemkgnHrTiRTEiUM53++lj0pIODjwpaRn4U06pydQceFPo369aaQkA06nY7VFpmmWTgG9PtjAFNNp6CnwCPemlNS0D5VIRvtTTSc+FSW0VG4pE4hJ2NS2G8nO1Iab6VNZbyR5edRk2yTdUuO1jcVYR2MjHnTbDYxuKmNqCMVCb3S3T7LQAqQnCetRO3wMA005MAOxpmAkpbgKxU+EeNVV1vzNvbyolS1HCW07qWfIVVXfUKIYKEYdkEbN5xgeaj4ChtsPXB9TrqypStis7beQHgPxp27tqnA3UiTMk3eSHHCFKB7oG6GvbzV6/KpbMdmE2C6tKebxUetQZl4i2VnGQpzphO9Ck+7y7m8V8ym0+CUnB+dKGcSp2MdJordUTP7OMU2qJ6URKt5J6Zps28gfZyfajN4hAUPKhgeGKaVC9PlREqD4cu9NLtxx0I9qXeck690OKjY8KZXF2xREuEQfs1Gch79PuqUSpFQlgjwpPZFPSrpcQjw2xTK42R0xU4kukyKjQprkP+rUU+1OTJy5Q755j514pjpsabUzt470/FfRMwC91AUrJ3ptURLhynY/dU1bPpSQ0UKBTvjwqYFrxYp4c5mbSq9yE40O8nA88UwpG58D610lwh0voDXmj50O931NnvaAoNpfThsDGysn7W/UbGsL1LYU2e8TIrUhuSll1TYeaJKHAD9pPofCpqvZz4ImTNcHB3I3I6EKWl2iyWR0TwQR0yVIytTatjseqT0NT48gKxyn+6eo/nUPs+UnIwfKvikpII2NUhJBsrZzGvzCuAUPIIwFA9Qar5cAs5UjdHj5j3r1iYQQFnlP7w8ferBtwLwDsfxpA4tNwhXMLdVR4322PpShkCrGXb+q2x7p/lVfgpNGCQOURalJVinULIyM7UyTykUpJxt1p6bZScbU4g9BTCV704lW9MPRdZSU9KcG38qaQrbApYPSm3ySWslgb04nbGKbT13pxFNckTyaeSN/Wmk+HlUhsCoimlPMp6U+gHIpDScVKaR6UwphKU2jptUttrNeMtbb1OZZ9MU2yiJXjLXSprSPlXjbXTNSUs+4rsCbisvWycUorI3O1KDePCvfq5dG4wKc2O+qZjUVxa3DhJITVVdboISVMs4W/0J6hHv5n0qTcrjy5jxDlR2U4n8E/zqAi3NxGjIlKCEpBV3j/ANfOlwi+ScCTqquPBU8pTrxOCeZSlHJJ8yag3m/tQgWI3ec6beHv5VGvmplSlKZifq2Rtz+J9v51SMx+YJKiAVrQ2CT4qUEjJ+PWmZXsFYxQm2J/kn4ttmXNfbdk64lSuXtAglIPkD0+FaPo/h4qdHUvkCjjr1oHZ18mVehaLA2u/XZk9mhhhKnG0YOAhCU/aPt7mv0L4O6FdtmhbUu8W9MG7PMJXJiA5Sys9Uj16Z9aOo9jVm1JhGwWGqC2htWOgjBtcnguJGb+zkdswtrw8xVtEegzwOzfRn90ms7jarmDAfYYkj25T91Wce/2yQQJEV6MTvzIHOBVQ4HmpzC9vBH36CLiQU4V7VHesjqf2T8qprdPZ50KgXlKTnHZrXy/caK4d/uUVI+sxG5rf76dj8xtUZeW6hRlvNUbtqUPtNk+1Q3bZ/ZwPajlq/WaWQmQ07DWf/MTlPzFPm0wJ4zGktO/wqBqRrwdCmkLM3Lbgnao7lvP7ua0aTphSc4AUPSqt+xFOe6QelENcUwoDcgHyqOuDjOxo2esxAPdzUN21YyOUmpWuK7EgtcQ7namFRsUXP2vr3agPWwgnu49cVIH9UuJULKlsHukpOOoqNK7RwlR75++rp2CQelRXIZHhiiGvF0tgc1UMNJeeCFHBJ8dsUWav4TX7SFmhXSdAfZhSxlp5xsgHIyPuqgXG73eHsaKbtxP1LdNINadl3SRNtLXLyxnl82OX7O5328KMjNI9jxMDit2SOfVIZKiNzTFa3FZ4pGBnG/pS2H1NbdU/ummJl2jR30NOkIcWQkJUSDk9B0xvg1ISyoo5uUj38KqZKd8YvbJXLJ2SCxVlGkpcHXIHn4UmVBD3fQcKPyNVoCkHIyCPGpkafvyr7vr4GhwbG6V0VvhUF1pSCQRgjqKSBjc1cvstyU425vA+IqrdaLKsKFEskvkoS26Sk06lRIGKYKgPSlB5I8RUocE3CpTayfHFSUZODmq9L4ztmpLbqj0STTR1TS1SRnJpxOaZT2q+jZ+NSERnlY2A+NMJF80whSGqlM7mmWYDp6mp7FsVt3jURcAonJbWD1NTmE7Yr6PbRnGM/GrVi2KxnkwPMppMV9AhyUyyjODjNTmW847prxxyFBTmXPixQP/ADX0I/EiquZxE0Ra8/XNXWdrlOCDMQog+WATUrGSyfCwlQFzeaIUNEYzge5p1JQkbrHsN6AZX0geGMBXKdSolLBxyxIzrpJ8tk4qonfSw4fQULUxFvVw5V9n+qhBAKvLvqFGtoax2kZ8imFw4LVzIbT+ytXsn+dV895+WsR2UKbQRv5q+XhWRXH6XlpiF1MTR1xc7MAkyJDbfX0Gaj2n6Sl01bczDZsES2sqj9smQJCnFgE4AxgDzp79n1LGF7xkOo+6VrXEgBq1afNg6ZY53iHJJHdbG5rP73f5V6dJcUEtA91odB7+dVj9wdmOqceWXFq3KldTTQUtatqqXElXcVOI8zmUzcrpFscByZLKuxRgEISVKUScAADxJrQeEvBxfFy3P3PU1yNksoIESxRln63OOxy8sfYbweiTk9Mih+ywEOupC0BYONiMiukeD9tU6+yOU4yAKnpatkMjWhgc7meHhzUFaXBhIdYLbeCXA/TPDCAl20WqPHlOJA+sJaAXy+QP7I9B8cnethSAkACqu2hEKEjnUEIbbGVKOABjxNAepvpE6N0zI7BU43FwHlUYRSpCT/GpSUk+gJr3PZ76XZtI18zw2/EleTOjqtpTndMLz0F1+eEWGHCM9PSiuyaQVdFJCcEHxzuKHrakrWkAeNanoWM4mS1kEbjrXzc4kusva3usEuJwEkXBOzajnxSM0zcuBWo9ONLlR334zCBkrCihKffO2K6x4ZRW3EJd6KCOXlon4i25U7RVyYa0+nVKltgG0mQlj6yMjKQtWwPiM+XUVv6D8LGupXTskII04rDVO33w1G5LAQuElRNUWlJEuO3cWfBTjeCf7wqCu9wkrAmQJMF0dVt94D866BPECzaVhxoOoOF+urFCbU4HHnbcZ7LKTuAHGVLJAPT0oXuUbQXEpma7pK5mYqMAp9l2M4w6zzZxzJWlJ8DVBXbGq6FuN9nDusfnZWkFfDUuwlhHXgs4g38rx9RvKXP9U+d/kqrVF9noH9JhpeR++0aBNTaWFukqCCDj0qlYnT7av9RIdbx+6s4+VVEc7TorQ0pPwlawm8wXzyrKmFeTqcff0p36szIHM2pLifNJyKzWPrq4MjlkIZlp/wBa3g/MVYRdbW1asvQ3oi+pXHXkfLajGyAoV9NKOCMXrenfaoT9rSoHaorOvtPwYy359+ZjR0jPNLSUkfdVXI488N4zBeVquO82BkmOw65j5Io5kL5heNhPdmhDiYbOUyRacdBVY/bCM90/KqyV9Jnhw1z8k+4ygjOS1bXMDHqcUNzPpY6HD3YsWy/SVlJWP6KhAxjP7S+tFDZ9Y7MRFKJAETv25WP6sn4VXPwXBn9WSPaguf8ASuspCvq2k7ovYkF59pGcexNCV9+lsuDJZYRo4JLq+zC3p/8AJG/Q0UzZNe82EfzH3TzO2NuJ2nctSlWgTW1tPM86FApIzjY+o3rk/iRbXOGfEKTHslxucNbaEOIcclF7PMnm5SD1T4b5rcrfxvu95QFt2iFGz4c61fyrIeIzytZcTIarm2EfWeRpaY+UbBOBjOavdjNlp5nRzfDY3GqSeETMxWzGiu9E/SBWG2WdTxewCgP6cwOZvP8AbA3QfmPatkgXCJd4rcmE+3IYcGUrbUFAj0I61zVeuGNwgEvW1wyEDq2rur/kaH7VqG9aGlrct7jtukg5XFWk9i6fJSDt8RRFTsak2gN5SODXcuHlqF0NZPTdmTtD5rsBqYuOcEFSR67in3H2ZTOVKHxON6y7h1xWXrOItM22OwpDeAXUHnZcP9k9fgfnRXdowcBB8qw81FJSzbqbI+avo3sqGCSPirkqho3ckNJA8VLH86T+lLUz9qYxt4BWfwoIatqQB3fup8QBt3cVJuIx+4p27KMTqizs/wD6jmP9lCj+VJVri2NfYQ+57N4/E0KphZHQUsQdvsilEcQSbq/FEK+I8dsfq7e+v+JaU/zqivXGuVbGVOMWhpRHTtX1fkKZchgJV4UH6qt7j6UsNILjjhCUpSMkknoKOpYoJJAHNQ8sVhknYv0idYXQqUxDtUJocuT2K3Fd7JHVWPuqC7xm1/NkIaTe2omeyJMaG2kgKO/UHoKbtHD29O6dm3BuAvl+tlCkZAWgBOASk7getSoPDW9vXV0RooloEdnlU0tJCjyKVgHO5GCPcVpR+RY52FjRboPqhBT4mi5VWzxB1ldIsFUvVd2IluOE9m8GwlCSrYcoH7tQYb1zu8e2qn3e4y1ySh1fay3FZCl7DBV0xRGnh85H09p1yRc7fHzFfDqHHwFtPqCghpSevMcj51cN6WsFjnafMvUkVyI42yA1FHM8k8m4KT9kAgkk7YGac6ojaP0hqToOV+XglZFGM3cvt/KzWz2aI9LtgeaDvay5K1dp3iUIGwOfal2e1xlDT57FHfZkynMDrjp+NGdo01p+PP07Gc1PHVKkNSG20MoKiXXCvkV/s+ne96tbTpfR9ljQnLrqN1rsrM40VNxipLb3a7qxjdB7oB8zTpKwcL56ZH/kE5sbR3f4/lAqIjbb1uHLntJpz7BKP+dKjsiRaID6k4L8xUg/3nNvuFHb9r0vGtNquS13CQ0Q8lBSkJ51LGELx1AHl6U7Lu2mrRpazlnTT36TT3WFvSOZrDWT2ik+OcZxihfzReAGgk3t5X5ogtAN7IcetonS5HLypDf60lX7WFdB86uOH8Bce/TeZBSluO2gZHmSaIZOuP0NYGZzWnLc7droMFxZVyN9xJPKn3X59RVpZZUq7qcuU0NCXICAvsm+ROEpwkAe1VVTLK2AhwyOWq4PbJJhA0VilOB/On2RzKA2pBSdjtU23Mlx1O2T0ArKPOSOAsiSxGJbmjLnyWYUVvdb0hYQkfE0RufS/wBM8N4YFnYFzlp+zJmEsxwfRP8AWL+ASPWueuPkm5Xq6af0rZpgiLw5LkOK6DGAOnlk49TVtwv+j5ppL7czULj+oZRwVNvrKGc/wg5V8T8K2exfw62qjbVvda6zu0K+GmfgmaXXF7K+1H9Kridx3uTlvsUa4X1Sj3YsNgiM3/8AxpPKMebqs1JhfRV4ga0bEzWWqItmdIy3FUDNcT7hCkoR8CT610XpmbC01aG4NriR7fCQnCWIrSW0D4CoFy1IXX1JSvJT13rds2dR05xv7TuZVN/X6xzBFSNETBwaPfosXkXj9CxStlKXXz9gLHdz61nej/pqS7TPdjXTTbK3mHVIUYbqwTgkZwQryouvCcp8ik1zfbbyjh1x/FwdbSuO1N7VaDgBTbg367ftGvMNiUNNWCVkzMTgLjOxWsqHlj2uvkV+hXBr6duipUhqPJjy4L68JKXHmSP95ST91dcWDjBp27w230SH0NLGQpcdSk/4kBQ++vzgZ4ucOL4Qi62W2SQdj2zDSwfiKura/wACJLgUi2s2uQro7a5LsZXw5FCtJQ1NRs0kRMcByOfzFllqykoK8482np/K/SCDr/TlyWWol7gPO9OzTJQF5/hzmqrXUeJNs0jmSkrUnIWkb/Ovz6ncNOE+o1lyLrPUcBwjZTk4vgf+oCfvqqk8KVWlouaZ41z4qAcBL4UgD0y2sfhRdbteWugdDK0C/Q/yoIti0cTxJHUEEcC36g/RapxIsZYmOuJOQTWUzmyhRHQ/jQLxC1FxM4c2+NcX9fw9TW8yG2Vt57RWCfJac4wCNlbZo+EtF3i9ukJQ5+0gdPhXldVs19CWyYgWuvpf6hbiF4cMjcc1VOk+NRXV/A1MfBSrBTUV1onrtUTdUVa6HdRMfW7c+2rfKSMGssstpL9gfDa2mOTtEK7XPUFWOgrZZsYrYUOu1AWl7fh+9xCOj7mB/EhKvzNaigqN3A8DgQVA6PE4IbXYYLkaan9LwyQlQOSoDIUoq3x4bZ96rJlgiv3kLYu0UAr5l5z3UbnPT91OcUQptSROukblGHHnW8ei2ifxFV1gt7b82GrYKejRx0/1biT99aaOYtDn4uHTih3Q4rXUJq02tMdpx26ocbRhS1tMrV3OYEkHoeivlQ/xCatL6IZiSll9mQwENPMKQpWVbnPTorNGkSKg6VkqKNxCKR79oE/gqhjW0NPbNrwO6Y7mceaB/Kiaaa84JJyJ5dOnVDVUJ3JC0Xh1bWVtlD5DaFtEBXLnBGD6UKcRYrMHinp7sVFxoqZ3ISN8keBNH2iI4MJvbwoI4psJi8StLqSOUKWyTj/akVV0UxdWOb0PonOitFiujlcZsIBwSTtVLfNOQ700lEmKh9B27w6fHqKKno4WTjbFfGOkIwdydqq2zlpxDVQGKyyjg1ARHevbAH9TcFNjPXA2H3AVs05vPMay7hA1/wB9apSf2bmv861iWjOfCm7aeTWknkPQI+hH6DQqZLGac7AGpaWPSl9j6VTF6sSFC7AZpQZHjUvscDpXvZedNxpLXUJxgKGD0qgvkUsgutqKHUAlKx1BorU3jbFUd8RlpftRdO8h4UUguFnFiYlPaytBfkvul591LpU4e8hLeQkjxGTnB8adv9scTPaUl51Pe7oDihygeW+1WFhZK9bWgAdG5K8fBIqdqFANwa2/azj41p5KhwmZb+36lRRQt3Z71Gu9pbcnWtRSCtQbBON88v8Azqk4ipTF1fdHEpBWhTycAeCGFp/MUcyIvPf7Q1jALjQx8E0B61cErU1zwR+s+sEf3nEI/nS7PkLpW35FOmjGDyS9P21I4qaWjKT/APTsMJKfI9kT+dEfE23pgwZLJAHZsMsY88uKP+SmNLRxO47NBvdDbykjbGyUhP5VecX2D2i0+Lktpsf3WgT97lRSzE1sTb/tB+a6NgDX96Z1dC+raT0xFCcFTaFD07v/ADp/VtnK50aGlGRFtLzpx4ZQR+dX+s7V22qtLWhIOQ2ykjyyUj8jV7eral3UOt5fLzfVIAjIHqrAqjbV7sRu/wCx8yAPVFBgOXQIG1RE5EWCIlOOWOHCnHiT/wD5FG9ktpahNDGAEiqm9wFydctxVIAUw000Uj9khIz+JrUYmm1twgvGRjpim101442g8Lqnjs2RzjzQmY4Hhk+VWNojAOgqOPOvZkbsXSDtv40uOoNIWo4ACSapDmjybjJY5d5f6U4y3RYGREiIZSB5qUVH7q17SUvsGkkkg1zU1qS0Oa01NIvE1+HDXIUQuIsh13kwlKEkfE+HStJ0zco2opNrVbbtLnx0nmeiKebZDDZGB2hxk7EgjJJ8xXrMdQaGmbEQbADuvbms1WUgq6gm4uMrcfJdAt6kH1dairCEKKQfMDx9qCNUcRIOlJ/LLC2pkhKXHELJCkjHcGBnoDv6ms4kcUIszUzNsYRHFvjZRGCUkoDqc8vdBwoA7AHypF11dboMgSrjHcVcZA5nnXRzuHxAUR44x02A2qrmq6iZzG2Iyv77kfRUFNGHl+fD0R7ekcq3QfHeuX+PkExNaMSRt9aip39Ukj+VdSah2KF4+0muevpFwuaJZpwH2HFsq9iAR+Bql/D793Xhp43Hyv6pavtU2LksehSXVoWp3CytOUlJ5zn1xuKu7FAlXeWzGZeLRcdLYc58pIAznzoQTaLgyyqa02Uo5iByqPOR548vWpFqXKaCnQiWmQFHldZcKFJHjk161LGHNJY4XXn8cZZIA+M/cLoFOmrZbLQntrupD7eeZ9p3tVJVj90blI8gc1R6usV50vFiS489c2JI5UocadKVZIKgpSScoGx6+VZlIvV/RHZSJTsJoZSHVuoClqyTnPXPhUd1zUcu5LSqa6ZDCUuqcVIGMDorOcePhVDDQTRuxPlB5395LQ1c1PKyzaYg5C4y/wA+S0e9aV1lGsS7hcW3FWzl7RSlSUrGCRg4HqfCumNHyfrNpjvZyHo7a9vVIriy1cQbnbdOvWQ3J0sOOFLkYDmbUhR72SehyAQRXXPCq4CTo2zLJG8RKT7p2/Kst+JaeRkLTJbIm1uVlcbHkjMJZHfxRc60VZ7pI9ajmCVJJIyPWrFtSVHAIOfKpzbLa0bkV5z8KvMVkMOW88qgDjbpQfZLaWNWzmcY7VTKsY8wtH+UVp78dIyEkZofTbuy1K1I6ZaSTj+w+g/g4aJgmwiRnMfyp252Kz642v6nq2c0U7/WIqvLZQ5T+NDWl4iUKtpIIebdbZB9EvrSc/MVrfEmy/oviDcUY7q4UWQkkfuvp/IGs9tkb6rcL02MBUGfIUM/2ZLSgP8AeNaaknEtOHcwPT+U02yuq63xcWG8sEbsolIP91xBFCWsm+aOFdSYkZe3pzD8q0JMfspus4x6tvzU7eqQofhQFqgBVujnxVbUn/C6sfnVtSOJlv7zsUNPmyy0jQxBiNe1BXGxPZ620m50PMj7nv8AnRhoFfPb2DjYpB+6g3jfKDt+024plxktOlB7QDfDiTkY8DUFC0/1A+PohnH9EBae8BzLxtudqZKOZvbYA5zUl0YWsDxJ/GvENjl9/A1T24KIrO+D7RVqLV48RclfnWpSUbVnnBqPz6p1sAPs3E/nWlPoyaTbLv8AdnuHoEZQj9EJlLGMbV92eOozVmmNt0ppccYOKz4fdWWSgdnTam8nyFTVtgZpkjY1I0pDkobiNqo72OVl3yxRA4MGh/UK8RXPajqfN4UEmQQhp8Z1rEV0CITpyPDK8flUu68r92ZTk+GPnTGnFD/SeWQd2bakb+alE0pSyu+RwOuUgitFJfeX5N/lSRgCNEZwdb28K6NOpJ9gAfyrOew/SOqnCrcKUyMfxPhVaFMIOrnlg4S2hxW3hhBoHtG+qWwoYSl1r/dyfyp1EcILv+ITJO0QOqv+EifrnF+XIwTydu4M+ZKqueJDYuWs7Nb05/Xz1kgeriUD7kVU8CT/APjS7PnfkZxzep/+at788iZxesrTZBS061zEeHeK1fiaFncf6i4j9rPonNHZPejqKyL39IqIwAS1EX4eAQgq/EiimwWtN0tOrJRSSqdemoyT4cvOn+dZ5ww1Cl7ibf72vdKGJLoV5A7D8qMdI6wZt2gILrp7y7g7NUPPlJI/4RWXrI5GFrANAweOZPopm8VW6KhJ1RxWuy0DtE/XHAn2CyBXUl04fptunAvlwsIyR41zH9DiYLxrtlx1p14PSQXORtS+XKupwNh6mux9aXEWm2a+Vc5UNtbN1+qQW0OYV2AaQvJBPXK8f3a1X9OdI2SQjsssO7L2Fi5qrDM1g45/Ncoak5Wp7iU7YNUN0ni32abJUQEttKUfgM1LvU9Emc4sLCgVE9aAuLt6/RfDm8ug4UpktpI81EJ/OqOlgMs7I+ZAWiDsLLnguXosc3l9x51ZSVLKwMdSTk58utG1hmSdMylRLWptmQ6lPbqKSo7ZIG5670JafkphQDMWkEpOGknopfh8B1Pyr2DMcRKDil8xUSSrODnxyfevXqhhkBbwCxpmIfvRqTfwRWv+i3dMpzmldkSS2hIHKrHUgeI9KkP6qhvuJU4lLzwSELU6Vp2GyQOuAB4VTM3lC+YLI5ldVHxNVs6XBfXyrdSFp6qGxPxoFkJcbOBy5K/MkMzN5DIGOOoOnguyb8z2lqDoOS2oZ9jWeao0pb9ZW9MK4pWplKw4ktr5SD7/ABrT1R/rlmmIG5DZV8t6z5M9lPVxIHvXmsRkjk3kZsRyRkeFwLHISRwfsqG0tpl3ZDaRgIE9YAHtTSuCenXD3nbko+Zlk0XPXuBHGXJbKR/acCfzqvka907EB7a7wkY85Cf51bCr2k/4XOKcY6dozsEP/wDYZpojZc8f/wBj/lShwM04ei53/rD/ANtTnuMmjo2Qu9wyR4Jcz+FV7nH3SDeQicp4jfDTC1flRAO2XaB/kVEZKNuRcPNeL4C6cWP66d/6qT/lrQtJ2hjTVsjW2M444wwCEqdIKsEk+AHnWaOfSAsXKTHgXST/ALOGveox4+gH+jaYvTp8zHKf50yei2vVswSgkdbJG1VHEbtcPBbs1KAI7+PjU5uewlPeeAPqa5wkfSHebdDTtkeiKP7MhRSoeuMVs/Ae56Z4o3BUa8XwQZBQS1GakMR+c42HaO5Az7VX/wCn6y4D22v74XUwrIHgua7RFCrlHKsJd5/nT1vcRNkuoT/WNsuEexQVfizUv6TXCG7cBNMRL8061JhzFcjJTPTIKTjI5gGkdfMZG3XpXM3DvjZdFarWJ6S8HEKa5G0hIwoFI+XMr50jvw7VxGTEM2hSxVtPKxjmPBxe810zxxYQ3rq2vI3E7Tbih6lGVfkKy1iOhWtNfx1DCEPvPp237yQsf8FTtdcShfpegXlJUlxmK/Aez48ySB+NC6bxz8Ub2oKwmZGYUR55QEH/AIjSUcMkcFiLdk/JyI5BWsoIOudatZ7rji1gfxx1n8azO7AvwLcnrzwJCcfwuJP+ajmRPH/aPf8AB2cbZV/uFP50ByFjs7MnpkS2v91Kv8tXVGDiBP8AaP8A5Kgk+HP3mjzhs9z2iKr+wmhv6QqA29pt4DcuOA5PkUGrvhYsqs7KRuU7VW/SLY5Lbpxa8I/pDoyo4/ZSfyqanaW7SFuvoVXucNxc9PVaG7nc9Rjc1JjshQ2658aordq2x3KezAh3iFJmqa5jHakJUrAGSTjyojtkqImU0h19IRzjmUgFYA9cA1STRviPaaQmtcH/AAm/chzgTaFytW68wnPLcfD2NF7rZD4B8/zrQvojcM1XvV3EAho4kT0vs82xU0UqwrHhnB60IahgG2Xt6MoEKbdKCD6Gq3ajnSVBlHwkADwAuj6NwZeE/EALjvUpcfAG1Qn0AZ2q3fAAB9KqpJGTVJHcjNWF1XvgpFRj41IfOBUNSxijGtulTTu29C+pFYjOetEjqsAjNC+pFAxyM9TirGmFnhQvKHtPpAu2oXSMlthpsY/hH869tie01MwnJICxXmnyMamdzj9elvp1xgU5pdsyNWx0A7lwD76vpdXnkB6BSZBuSuLkSLvd3U7cjDhBHrt+dBdsIN7lPI73ZpW4PXCDRJqOV9W/TS8ndXIMeqx/KhfTayYd2kK3P1ZSQfVS0p/AmpKVpERd3D0TCbuARl9H6EuRMvzqEFSgUI2HrTtuiLuHFDUEoAclsiypCj5ciOX8aLfooQm/ql4kvFIQqYhJJ8gFmhzTL2bbxQvSVDkci/VknHUvSB0+ANVkkmKtqbcA1vnYJWmwA6q94SaGek8MdXagK+TH9Fbz1VtlX5CtJvfCQWfg2zce33atDkjlx1Wsd0D4rqt0U4LN9G0tqOFz5q3APTnQkf8ACa03i3ekxOC7LAIPaMxYgHn9nP8AwmqConfLWYb6v9LBRyPexoI5nyS/oF8F4jT8e8TnXO1QgrS02soCs+CsdR6Vsf0hOF9gb0rInzLbAb1DKluvqkR078pPdTzYBwE48OuaFfo+6hZ0laIqg4ElLYGD7VG468R16gUodrlAGAB0ras2pCzZksLhd73LE/lqh+0Gyg2aB7C5gmw0xXlpwU4PTPSgTitZJGo9NiBFSl1ZdQ4pC1coUAT4/KtBuLyXXlZ60OT1lT6h4YxWapZXQzNlbqM1s3jE3CeK58e4WagSn9XbW1AdAHU4/GoLvDPUwB5bKlX8KkH/ADV0ODjNKBAJ+dalu3qgatHz+6r3UMZ4n5fZc0u8ONUJUT+gF/BKD+dRV6F1O2r/APL7uT/+3B/Ouo0kee9ejp4Ci2/iGXiwfNDnZzT+4rQbFISlwoXulYKVD0Iwa5ln8Crczd5qJ+p7o4lL6/1DGE4HMcDJJ8PSuhIj/ZOJ32oU1e1yXt5acJ7VIXkDqcYNZ+iq5qUkROtfuTZYGSOBeLrMI3BnRLX9ZCudxPnIlqAPwSBVtD4eaRhY7DSEFR85BU4f95RohyrGdztXiXcE5GPc9KNfXVTtZD5n6Lm00Q0aPJR4lqgQtotjs8UDpyRG8/PlqwQ++2cJMdof6qOkfhTCCpxeUAqJ/dBOakNw5LygEMPKP9lBoB8r3fE75olsYGgTzcyUcAylf3Rip0dyQogfWnMGmm7I8ywt2UhbHKMpTsVK+GabtdwgPSg2p5bODglSMAGhnPLgcOdkQIyq/XnDaJxFtzTEiQIlyYyYs1ScgZ6pWBuUn03HUeRxpGmNS8FryxMuUQRkLWoRpzC0usuEdeVQ6HG+CAfSuqobdqZdQiWhxbRAClsYBHrvkHNV3Ffhfp3iTo9NrsWr1Wm5IkpfaTe4Kgy5gKHKHWirGc7Epq62XtR7bU0xG7J48O5Ayx7qQTsbdw6XWH8TePmreJFqtsTUN/fu8SE2G4zDryV9gkpG2ANiQB132GaD+FtxjROJdlW6hKmlSEpIV0Of/iji0cATptLj2ptI6l1THj5U5I05ckFnA690s84qquet9FWN5tyx8GZUCVGIU3M1BeXg4kjoSlAT95rZYIZo3tidixAi9xqR1KrxUSB7RurWzsBlbu4LoLX+mbVcdP8ADqWwyltars5EfWnYnCk4z8DQDqnSD9i46RbUyedTtvbWkHqo8gVj/dobsXF+RqLQzDkx2My/B1B27USKrKG0FCScEkqO/iSa0Pi/f46PpIaNuIUPq7rMdKiDjAJWMn5g1gY6aoo5Py78+y8eh+q0O/a9oe3iVnsha2eIdyDmUrDGFA+aVChW5PhmPa3DnCJjwONzu2rwo+vLCXOLGoGnE4KWH8e4waCVw0TLdGcdkIjtsXJsqUpClE5yMADqd/T3q3oyC5hPJvzBCimf2DbqslvevL7GuEiPa71Lh25RCm246uz2O+5AzQ3OlS7m4HJsp6W4P2pDqln7zT1/bYjXp9th5TzKcBC1o5CrG24ycfOonbI5Tv6V6rBDHGwFjeHJeQ1E0j5HBzjqUVcJbwzpfXUWe6GuRDDow42VJyUjGwrrrS/0p7lIfhWRpi0Wy3POJaWpcRJecB2ATnPLkkb7GuJLM8FXVrk3wlQPptWsaBjy5t4hLFuVMaDiQohkkFPMCe94HA2NZzbNLHK/eSa2Wq2IcUBbfj9l+rn0N42koUEyGZ10m6kkZRJEhvDSFDJCU8oHNhI6q865c+mHqmFpPXd7kWBBcgrl4CnAUFtZ+0kA/wBrmA+Fbl9Fy6TJmvojtu0+7aLWxH/pbDaVFP2SO0UVEqJyRXKv0tNLN3TX90h32PJjXxqQorebWWyUk5T3MlODsc4yc9fCsVG6KemhinjAa17rkNOdgOvHj3LUsopYtpSOikBcWNNi4WzOmXLh3oR4Y8S7tqPVP6JE9mQwlsrfK/toIzsCdvQ1rklClbpUD7GuT5GkIukmlXKReH7UBkJU2vLrh8gPE1Qq1TdnHgmFqd1XaEBtL472TygA9zGcqP8AhPpU82woa5+9pnYW9x18FNJWSUxwzgF3QrsCRzcmOpxUBXMnOQflUGdwTlSNKQjDv8m3XdlhKXpSh2iHnOUc5UjbAzn7JFc96h1NrjR+oJlolXaJIkRV8hUyslKshJBHeB3507EefkaqqXY7aq7YpASOGY8U2TaIjALmm3h910ipJcSSBvQlqZKk9knHVXSsQHF/VsRsuOSG1ISOYqC19ME+vgCaJbHr+6XtuA/cCHUvgLCR+yCrA3xvRrth1FL+oSLLo9oxTuDG3uivTSj+g748MfrJ2N/HvH+VTtAJ7XV7R/dUSfTANVmm3D/oU6oDPaTRk+uVGrLhsoi/vuj9hC/woOoFmzH3wVriu1qrNdyuxhTiDjtJQHvjJqt09hjSc9ZG7pZSCfDvKV/lFM8TZfYxG2/Fchxefhj86eKPqekEo3yXQD5d1r+a6sImWpmdT6JjHXk7gtb4FTv0Rw3u0snk/XPOE/wsnH40GMyv0XwWuSskOXK8ss480ttqUfvIq50JIMbhHNQk5JRIUc+qUigrUEwo0LpWCFEfWrlIfI8P2EA/jVRBFjqpTzeP/UE/RSOdhYHLc7pKEThzpW0oUoAtsBST1ysqV0+VXPGjUiJFi09bUqP62WSfIgHFCGpZxF708wcKQ08gFIPTkbTgVR66vBuurbJE5ipMck+x6n76z9PTY6iOTlicmVBww295rcrRqP8ARsBISvogDrQ5qXUK5xJUreh/9JLQ2O9v5VAlzFOZyc1C1humNiDTdJfdyoqPvTC+zc3KRn2qOp4nqaUD3QDuaLDSFITdOtMRzklAOPOluQozgyEcvtTO4PXrTgJB2P30md01INvbJ7qyPekLty0HuqyD41JLvT186VzHxz7CnhzguupaVd7mzj1NfS9LTtUvtmF2f6pH61Ti+UJTnY00gYTgmriwTnI0sBCgntUltRIztTy7DmEFa6qEaCiwUpE6Wt9zOAhnDaSfc/jtTPPareOVFow/4dqrnOPPJoiuzRlqShCOZPN3ivqceJ8faqA6afYW47HkIYzkBp5PaIV5ZPUb+X31C2Qv+NyIDWgJ2Ne2ZR5HHPqwxsEDlSfjTM/Utph5SucEOdO6sqPyqvuGlLndWOyD7EUrwFODLgTjqQMDOfWocXhBbW3Q5OlTLgR/4ZWG0H1wnf76nZHT2vK/wGaQudezQmn9Q2nUIXFM1CFk7BaylSvYU09pa6IUFNJTLJ3S6pfKcY2B2++jK26Ztlp5RDgR4xx/4bY5vn1qybZWe9ykZ2FNNQ2PKEZdU4H+5ACNJ6quJS2q4sW6KnYHKlq/KtH4a6Xs+iFqmXSc/qB9W/1eSAI4PmUePxppSHMjm+znrSnIxWlQBI8etI6qlc3DkB3D/Kic1p4rZE8bm7fC7GC0iGhKe4hnupBxjoKzLU2tjqNx367FjzUkEJEloOJHwUDvVYqOlLfKs5GM+tRHVtBJ5eU5GdtqQyyyWzOSgZDEw3AQvN0lZLk8XHrFblLIOCmKhGN/QCoc3RFonXCPLkxAqUxjsXAtWU8vTG9Xk++woTay4rkKRnCTtn3rP9e8W16eiBxiC46wvA+tkDkQT4EDfNWVNFVzvDWON+9Tl8UYuQAESXCxW4Xt+8SXVpnvtqQtZXsoKTyk488Vmur27JZ7SuNb7gS8JDckodPPzcpPd2G2c+PlQZcuJJvqkly6BvcgtglAx8etCmonZMmW4q2TFZVgkhQWjPtvWrotlyse0TOIt5ZaKOWSMxl7LO6Ai6FNaQivVMwW5pZjLIWguH7IO+CTgZBPhVT9SdYuLcR9CpK3gMCL3l79An1omduGpIyeRz6rKb8ULa2NVxVcUOqdXZ2So9S1tj4V6JDK4MDSQbDmvOKnZ95C9rXC5vm3TyurSyO2mKpAZgKDo3UoP8xBHmeXGfTNbVp7ijZISG47UO9x3Q33EImNKStfgVZR3U+ozWBsSbg6tLUS3mM6dudYyE+w86K7BpUWf/vK6y1BaTzqKl4+Z/KqevhieLyHPgL3JWhoWyFoYxuXE2wgL9PPoE8arf212t94faafW3k9mnCUnmJxvuo+vjXKP07eP9punHTUUu2lubJQpEdtptYKUBtISCsjx2zy9fasHb4i3y0QLwbDOes7clpR+sNgh90AfZR+4CM5V1x5VkZYXcbsWS4Atxe615I6bk1DQ0DpGbuoI3bTcDr1+yB2hUikqDPS/G4Wvw8PJEEi9v364t3C9uyJ0h5BKGWSAltvPQA7DodgKK+HrFquuu7AyzHkYTJQ8UuLCgQjv77f2aac4Pzf0Umeq6slqNF7yEtqyQCTtWp6e4L3G2PR35M5h239lzGFGSttYJTtlYO+PvpautpWxkRvtkQLZAeHvvRlHFLYumGWWdrk8+Pvkt+VqlLdmkyXnQmPHaW84CfBIKj+FcIXa7v368zrpJOX5jynlnrjmOcfDpW868sVs03w1vF1jsutT3MQWlF9asBxQSvYnry81c9IzynbY+lAbDpmRsklbnc28kRWPaS1rT1XjiuVLqtxgHoNuladpljlh2k8vdait59ykqH4VlbuUtP4BAKT0PpWz6ZaSuI4ySCUNNcoG+6UYx8Qo/fVjtQ4IgodnkOmPciyxHs9FRE/vyyR7hBq44c7LuDgHiR7DxqmhO9jpG2DOAX3l4+GKuOG5zEnbbuLKRtvnNed1Q/SlPM/Va9rsmhAvFD9dd7PE3y6pRx7ufyFW2oz9Xs8dvHKHS46PY8o/wApqs1gtM/iZCaA7lvt4WvH7xJ/933U/rCSUpisk/1TLaMH1yo/jVs1pwQM6X81DG7OR3gtM05yxOHamMcvaxV5yPE1nl8fU7c9EW0nIZSVEY/ecJ/KjJ2SqPpVpDasBDDaSkb5yM1nlwnt/wDaVbipaW2YnKnnUcJTypHj7k1WUEZMkr/+x+Vvqpp3WY1vctcl3BLurWAoqKWwtzbfG+KFFTjN4kqUejTCTgf2t/wIqKdUMvXaa8h4uFDKkIXHQpzOTv8AZBq/09ZLVdJbt0bckxJD55QVgqSQNk5Se8k4A/lQ7YhSsL5Bbs2HeU2cmYtY3nfyRUJRUMg0w4+VncgelNydPaojx3X2LWw7ET0fclFIV7AIJGfI0RQYtsiNs/W7WZSyBzlbrgyfhiqcsaztAg35EFPdIBkh4KC9jtUptORkdaMIDOjpjim5NtlQ1H9uPKUeX4KzmrFfC9qVHMqx3NE5kDJjv91xI9+hpjuii37L2dkgBTZO/jXgUpI3q4m2h+E4UPNqbX+6ofh51BWzjZQxUDX3NkRqLhMoVkGlp723Wvizv5UtDeBUosUhTiVAe1S4Mj6q+lzBVyb4HjUAHfrvT0ZeFjJyM1LYFCHJOI4g2mYtQSFspTvykHJ9zU+JqC1yVjleRzE469PnWQXdtcC+y2gAn9aUp8MZOQfvp1othXI4snOMHb5Ud+SjNrJm8yW7MNMyQnkII8SDtU5rT5dPMFA+WTWGRJCo8gBh5ah0CgojfyrRrLdbnCiJdkSyhgDKnXjk+w9aUbOa7ihJZ3MGRRujSqlndxPsncmosq0pjkkq7IJ8CKHG9czrglQYcW1HCgEqA3WfHerGZfHE2wOry4VOhBWBuknbB+VRTUAjALSoY6h7nWclvKaYQkBHaY3JJ61AmXmKwlZWvlCRkgHpQ2/dnZTshAePbtrISE9FD8qpnXEPMOdrzhaFBxRUnmJBztTWUw/cjbq3uWtUpR/RwXk4x5HrjpQndNUSnitrIaUEnJSdzjqcCoU/UVugMpDq3FJSCezQkDJx/PzrKdVcXYEF5aYx7V0ZwzGVz/4ldBV7SbOfMbRtuhZqlkIu91loEqWWwEyF8iVEKIP26B+Jep7fLsv6MaUj6wt5tQSVZVsfLw286y+5a6ut6cP61UVKjs2zutX97r8qt7fwxv8A+g5V+kxvqMKMkPFUnZx3cdE9fHxrXU+ym0rmyzvsRoOqpJNpb+8cLbg6noqxxgbAgHw3r1MJCj9gdPKpLjeVH08RTraMEbZ28KuDIQEc2Fhdommoyk/YW42P7KyK9MVxsj9e58QDUhOUkVIT3s/Ch3PIzKOZA0izbhQkOy7dmQlba+yyrlUkjO3pSJE1+6PpemKCgk5Qyk9xHw8T6mps4H6g/j90/hVOCVYxUkdn9q2fNDVGJjwxziRra6eu8km0SgP/ACzQShamrlzjqlYPvtRZdf8A7bJz+4amRNBInw4syOlRedQhRy5gDIGT8s7UbDLHTsJecis1tKJ9RK0M4fdbJoy82pzgvdpi3WXbhNaLDDSnB2gAUAQE9Sf5VtMriVp+1xEOvfV20ZQjISSOY4AG3rXLGitKNWe7Smk4WqLjs3V9UlQyT0o8uVsm3a1mKSy1l1pwOEnA5FpV5elYWupYHzYcRwk38Db6LR08r2xAOGYCPdbRLDxMZesTqH2W0ONzXW2U8g6KCTn1OdvSs/m/RxsagfqtzmRyegOFCpV41g3pDVD77zbr31qI1ypbO+ErXnr7irOBxcs7yh2zcxnPiWgoD5Go4jWUzAKcnCpn00E7ryAXWW604FOaZgiWjUCFNqWEBt1Cu+dzjIB8BSYcGVp9txcC5xEpcQDySUKCVYGMgkA9PKi3ilquNqhy2RLc6pxpOVK7hSedRCQMH0/GtLEBuLDaj8oKGmkt4O/QAVZOrp9yz8xmTfKw+yBfSxU77xgg96xtzXUlWlrRAi29C5UbnL63pCEpXzfu4yfnV9o3iZCsEBxu42+5MSFOhWWY5eRjmJ2Uk+vlWhzdP22WlIfgRnO6PtspP5VEOhLA7EV/3ayglX/h5R+BFV7pKSRhY+OwJvkffop2zStNw/zAP2WUydUQLrrW+3JtaoyJS2246ZaS0VNpTue8B1OflSNQXVqfc1hD7bhLye62sEgAAeFLsVldk8U3NNrl9gy884w0XwXEA4KkbHzwBn1rRrh9H+6SeX/7ZKKDsUqU0r03xt86NldTU8jMRt2Rbu0+inY+XAQCDn3dVL0vAj32ZFts1BfiuKQHGwpScgJzjIII+FahA0ZpiznMWwW5tY/aWyHFfNWayGBpO88P7oxKn86W1kobV9cLw8M9Ttt41vum2rdqK3sqKVNrUkHmQreslWF0Nt284TyRJfjN3cEF8RNQKtlhVFjKSwHu7yNAI28sCrTRTcK02aGI7LSlraSpTwGVLJG5zTnEfhXDuMFLse9OsTkjDbLrPMlQ8ehoEsberNFN/VJkJq82pJJS/BX+taHj3FYJHoDQu7bUQYWOGLkcrpA4DtLY/raJsdyOvJQ6OU4rJ9UXiRpZ2SxKfd5mdgSDhX7pHvTb3GmHHkqiRYrqpg6pkgtY/uncihDVE2fqO5wZEx9tztVFtDbWwHj/ANZplNs9zJP1hYIpspjYXNzRLpqVLdtK5stwqffVzY8EjwAooteppVqLSm3FBWQc1RBkMxo8dOyUpGQKVz5dI8E7U+RjXkmyhBJHazWtxtcxNRIQ1dWkLWRu6kd7NIn6PYlJ7WFIStJ3CVdaytqUWXecHbyHiaIrFrB+I7gq5vDFV0lP+4JzSWfAVMnWV+C5yuIKD5EdfbzqumS49ojh6Wvs2ysIB9SCfyNaLAvsS8IDb6Ecx6g71gX0x7m3puyacg29Sm5EqQ5IWjwCEJ5Qfms/KiNnUj6uqbDzU/5loHbGiMTk5GfanGu6rrSEgDcnelJON6S2aRZLxc1bD0frGOm4sLVEnRg4l1sZKVJPKdvlVba9c2WelLcK4MLz0D5La8/Gi/jHo6Lq23W5x9oOLjuKSD44UM9fcVkx4AOyElxiSuKPALHMPl1rZUjaGanaJHFrxrxCopJamGRwDQ5vkVq1q1CzH5SnLisd0pHME+uM0SRryzdS19dfyhvZLRBSE+pIHU1zbN4VaksXMWcykJ3CmHSlRHttTMPUOotNPAKfnxD4pfypJH97aiv6aHC8EocojWNebSNIXWsJSJcxiOypAQlwd5tWQc+NGLTKwuSyVBTbn22uoSRsfwzXK3Dziy63f436alMRoyQSmSlsgpV4A48Dv4Vv0LiBAuakyIlxizXXAOdLLiQT4ZI86raqGSAYZR4jRc2ziC0qi1XORpO8qU6CQpvnDh7qSk+JJ8KxnWvG1lD8lqGTcnld0COeRhJz4nqujL6Ts5F+0jGcREfRKhPpUA2vmQttXdPN8cEf86xrSHBq/ar5HZSTaYCjnmdT+sUPRHX4mrDZ1HSOi/Mzuy0t7zTaipna7dMGfvwQbftUXnUq+SXMWpCjhEaOMI9sDr8c0V6L4D3zUDaZEwJslvxlTkgYXjz5fD44rofQ/BiyaUDbjMMLlAf/AFL/AH3T7fu/DFGty0Xbr1FTHmRi4yNwA4pP4HeraXbDI27umbhHO30+6qxRY3Y5jcrDrTa9I8P08llhpvN0TsZ8ndKT6H/2496qtXXCfqC2zXJrynuVlRSgbIRgZ2T0FbLL4IWlwExJkuKryVyuAfcD99D174IXVFsmmLMiS2gy5kK5m1YCT7jPxqvbVxveHOdc9VbxsYxha0WXPSmgUeh3yKUlP2MYG1NtrCmEnPgPwr0rIx4YOa0GeiMYRYOS17KSc+hp5pQKsE/OoxXzHIp1pzv5Ptio3DJFRvGLJOywPqEnwPZq/CqeKkAJPoD91WklY+qSAT1Qr8DVfFTllsj90fhUkPZYb80JWHFK09PqmblHVIgSG2xlak4TWsaW09KOn7YUNoUoR0AK5Tuce+9CWi9JOarunZAlENkhT7v+Uep+6tzbiojstR2UBLTaQhKE/sgbVTbRqgAIW66oaKAOcZD3IRsGmJyLlc5EtpDCX3G+QdeYBGM7HbfzovtenTLLrzjqGorIypRBA8z4+ApmS+62puMzu84QB41G4j3tyxaYbtDKx28sEOFGx5B9o/E7fOqEufUSAc0a1gasl1OXL7qV+Z2gEdI7NlGNwgHb8z8aRHYbaBC9iDkqHjXi2yvmyQCehpuQlKWVqWpagkYGScZrSj4Qy+ie0BpuBqpWl4ovGs7a0BlBfCyOuEp735VtN2c7KK+4t0tADdQ8KzDgxbzK1NJlEd2NHOP4lED8M1rkhlLoUhSQpJ8x61V1pG9DeQQMzv1M0ExlvNsc7E511C90LdSsEf4Sc0UWF9921NF6QiUSskOo6EZ6fCvZGm4S8/qQ3n9zKc/KpsS2NQGGWmEcqB0HWq4m6uK2vgqYcEYIN+Ib6gArFuJokWDiJFusVXZv/qpTasbc6Dj/ACitKjceLslCXHYsOQhQzshbZ+4mhLjjAy1apqU7ocWyo+ihkfeDQTbpjYgI51hCk93J9Ohq4MLKqCMvFyMkJCRu8S1XXvE9WpbPbpIi/VXIryu0bSvmCkkDz9jRvww1YG1tIDn6pYCkn3rmW5ashRElhb4ws74ScHbz86LuFWrG1uGIHkqU2edvfflz0x6H8ahqtl/7TsttZVn5xv5ksuu4o7bF8h98donyIB3/ABqnn6R5FKLDpSOoQ4Dj51UcP9TiTGa7ZWSAAUg7/dWgSkZSHEF1KFDIJ3FeduYWOLXaqyxFpy0WTag0XAuY5brbGZG/dcUjcey07ihSfwwjJXHetshxKo6+dLT7nOk7YIz16eJzW03NYYjuLUEOeAChjeg2aFvE8gUyf9Xgii4p5WWAdkpm9sZhAYS4ZCmC2oSAQkt472fAYo3s3CV9y2iZdrzDsaHDhIkd4n5ePoM19Z4TbN0blPt/WZI7qSNlJT49aAr1qO6akmvzWmJL3KpSUMobUQ0AfsgY+frUx3kh7KlYzGbE2ARhN0TDthQpu5xrq2olIVGcII90kAihzUoRZo7T0ZoIw4EqI3O+1D07XLmnkodlrMfmAKUrQSo/CqudxKb1baZjDTDiZiQFNFLSu+oEem1Nio6oyB7gcKscMeAtaM7LTrA+pMloc25IJAOwrAvpaaiF14qNwEu9q1a4DTG3QLV31f8AEK0WNr8Wdhsi2vuSEpG8n9SjOPXcj4VzLq3UD+ptUXa7ylJD8uSpagjdI8AB6AAVr/w/RObVOmeNB6qlr2viiBItf/K7NA5q+IGceFKAycdK8KeorFjVWCQ4hLwCVJCsdMjNKRa+0+ynfzFeo3cTtsDvRRcLhatPQ0v3CWzEbIynnO6vYdSas6YOeOyq6qcGWyQ4jS6XDlSO0NKk6Xj9iQ7HbKSMFKk5BqguHG6IzMDcG1uSIo2U685yLV6pTg4+NXFr4n6euxSl55y3rP7MpOE5/iGRV2yGRoBsqp4e7ggHUXBiwXMktW5UVwk5XFVyfd0+6gmZ9GidMdR9TuLjbXNnLzXfSPHBBG9dPRUNT20uxVtvsno40sKH3VNTCKE7jpRba6WHIHzVeYQSsn0JwoTpeOll5b8tP7S5khTpPsDsB7UeRLJHYdK0Njn88Zq67Dl8gOhNeqWlCe6N/Oq6aYyOLnao2NpaLAqIhhCNzjbyp0qSOg2pCnApRAptbvdNV75eSLbGVJLiEpJUeVI8xVZPfW6y42wcc2xJGcg7EU6vldQMgk+9MFs84IVg46EVCHG4KIDQFyZqvhJqizTJbrVlddgdqstGIQ7yoz3dgc9MeFBU1Ei3q7OUy7GX+48goPyNdzOMO+IBH9moUuBEuLfZTojMpHTlkNhY+8VqIdtFoAkZfuURhPAriRuRsDzelOIkDKDXUl64H6Ou7hdFr+orIwTCcU0PfHT7qBbt9GMKWpdqvhQnqG5jXMR/eTj8Ks2bUpZBmSO9Na2VnVY0+6FMOefKofdSrDbn72/EhRAO2dSBk9EjG6jRhcuBesYSlpbhNT0DbmjPDJHnhWDWg8PeFUrSsEOSWA3PcA5yTnlH7op09fBDFiY4EnRcWvmkB0FlbaZsMfTVrZhxRlKd1rI7y1eJNWTqg2lTn2QB86tWrUEnC1FR8htS1WRuatDKcpyev51jHy4nYicyrENDRZVunbeFqeuUlQShAJSpXRIHU/AVkOqdQHUV9kzCf1SzyMpI6Nj7P8/jWocWrsNPWFizxFBL0sd4JO6WR1/xHb51iyUqUSMcoHjVvQx3Bkdx0Te5euLSMDAGPLzqHd0PuQlFlKRjvd84BxvipBUASEd5QqNO/V25wrIU52avHPgauowA4Jj74SUPae4m3LTynFQFOxC5jn7MpWFYzjII9TRXC+kFdGlASDGdTncvRyg/NJoL03b4z9udXIaS5leBzJ9POnXtPQXCThTSTk9xWKt5YaR7y17Fn2SVTow82dfmFq8H6QEWRyh+3trz+1FlA/cofnRRD4xaelKb7Uyop8e0Z5h80k1ze3pRuY0paJKRgnAcbz94pj/RK7MnmiOA/wCzeKPuNBu2ZRu+F1k4VLwLvhv3FdBcRNRWLU+kZiIdzjPSGih5DXNyrJSrcAHB6E1jMpkORA5gkBRHzoZlp1Bae/Ibd7IEDncQFp+Yq3tE+XLhZeS0GlEjughWR91ER0JpmDA64upWV8LmugLXAnmFXz2QrOTtirmwy3bdIiTkoUkoUMnlIyR1GfIiiXhXpZrVuv7bHkMpfhMkyn23AClSE78pHkTgVvF+4L6dualuW1UiwPqJOIiudjP+yVkY9sVBWbThp3CB41HvqgoKHfEyXsveHeqm1fV5rSyphaQQM1tdz16bdoya9FeZVcAjlhtvbt9orYcwG+B1PtXNQ0NrDRSFC3tRL7DSc8kb9W76nkPj7E1JY4pxH3I1tu8aRZ321ZW3JQQSfY4rDT0e+k3sVnAePmNVp2RktDTmUeLY436jjp7dyzw2XACeRcdI+B7xpMfhXxGkHMvV9viA9Qh5avuSgCjLT+oIVygtfUZ7UlPKO6he/wAutWxdJG53qvfVvYbCNo8ETvJGZZDwQTB4LXdLnaSdfKbcJyoxY6yfmVirdHBa2LTifrC+TvEpTypH+8VUQBZHjTyH9/OoDVznj8gk383BypI/B7RsPBUbrKX4l2WE5/wpFXUTRek4oATaVOY2y9LeX93PivHZOVDfpXyZG9ROnlP7imF8jtXHzTGubhY9BcPdR3aBZrfDkMQHezdbjI5+dSeVPeIJ6qHjX51NJ7uebfzO2a7B+lVqL9H8MGoCVEOXKa20QPFCcrV+Ca5BASSUnAAr0X8OsIpjKdXH09lVFWblrT3ruYpwdjv4CkqHXbanAcjekq8cV5kCtEvG+6fSsk1nHcb1RNDqlu5UFIK1E90jIG/hWtJISoeNAXEiL2d2jSM4S63y59Qf5GrzZb7S4eaCqRkChBDQTk43PjXq209TgjFWVlss/Ucv6tbo6pC/2lDZKB5qV0FalpvhRbbIESbutNwmDcMjZlB9v2vj8q0z5Gx6qudIG9UB6I0ZqC8yBJtS3rawDvN5y2n4Y+1W622M7bIDTMue7cn0jvyHgAon2FNruaGW0ttAJSkYAGwFQ1zOYkk7+9Uk1UZEyznnNSn5YK8DJ9KYU8ogE4HpUUPcxJG9LPNjOAPWq10hOSIawBPB5IG+c0hTiSCKaSRk5614s5wE/GoCVNaycTnFLAOM4zSGkkAAD507hWOvjT7pV6lBx5ehpbbYKiSkKTXgUARtmvlrwoY8PCkxFdZfOwmpAI5SAfHOKbFvAACFYA8CKcS6vIGMivS6oK28d6TE7ROUF+ItCz4+1RlAg7gj0qzWSTuaQMbk4+NOxJbqqWE8xHKFE+OKkx2WIcd2U6UtNtoK1rVsEpAyTTjzKFqzy4PmKz/jRdLgxp1m3QY0h1EpeZLzTSlJS2n9kkeZx8BU8Ee+kDLriVlGrdRu6pvku5Oo5EuHlbQP2WxskfL7yapllBaUUg/mKSFZyhQ5VeIr3JDW5Ox6elbJrQ0Bo4J9wo6AmKnmcAPMfA9KgXplH6JlPoWUgMrVknqcGrNJCwpKkeWMb0xdLWq4Q3o6VlsuoUgKxsMjyoqNwDwSoJAXRkNHBGPCjgk5rTg3DvlrmJN4W++DCkYDTqEqwAlX7KtjudjnwoFvGn5NtmvQ5UZ2FMaOHYrycLSf+vGuhfo3tvWThwi3qcStUWW4kKRsCCEn8zRxrHRtl4jwAxdGuymNjDE9kAOtfHxT/ZO3tVPLtMxVbw/NtzY8vfmoadgbA2OVuVvELieHH7FtTZVhfNnBqyacU2goKynbBJFF+vOGNz4f3Jld1iJuFs7QdnPYKktujP2VEboJHh8q3Pg7N4X6gLDEKyxLdesYMad+tWo4/wDDWvIWPkfSrCprw2IStaXDp7+iQUuDOM3C5RuFmvF8gLiQYEy4qUtPKmMwpwnf0Bow0R9HjXl3gIQ5ZFW9KsnmuDiWsb/u7q+6u6kRW4CEpjMobQNuzQkJTj0ApSuV1sLTt5EdRWfk/Eswj3cTAB1zQ35QGXeOPRc1cOuEVy4Vy7i/dlR3pEhCENqj5KUoByckgdTj5Udh7tPUHyrRrtFRd4ymnMdskZSfOsznw3IC18icpB3T5Gqd1W+seXy6lHxsEbbNT/OUk74qLdIUO9MKj3GGxOZP7EhsLHwz0+FfNyOdIOc0oL5t/EVwLmG4UuRQTO4QW3nL9iuU2wSM5Shtfas5/hVuPga9j3XiNo3Afjtalgp6uRFfrMfwK3+WaNwoe1elxQ8fvoz8y5wtIA4ddfPVPD3tFgcvP34Ko0/xusd2kphzCq13DoY0oFpWfZWx+dHkW5MSgeydCjjPLnCgPPFAuodPWnVMbsLtAamo/ZUtPfT/AAq6j51S6T0DOst4RGi3p2Rp3BP1SWkreYV4dk4CCP8ArINRyRUz2FzSWkcDmPAj6jxXYwTZwt3fZakqVlZ3pSZB65q4tGg25UJCf0hILuNnHkpV88YqovdjmackpblJ521/1bqPsr9PQ+lUwc1xsE4FpNgubvpY34y9QWK1JORFjrkKT5KWrA+5NYSSdsAL9qMuM98/0g4nXx5KudphYjI8sIGPxzQXzHJynHpXsWzodzSRs6euaoah2KV1uGXku6fEEbg18d80spxvjNJxufKvGDlotQm+h6U1J09bNQuRxdCsssKLgS2rl5jjoT1x7VIIB9qYfBMdwAjmAJG9GQSGN4cOCgmZjYQVdNXKLa4SYltjNxY6BgJbGB/z/GozUxcpzKlcyR4UMNT1rRsDk+Y61eQUrQwgq2UrcirCaRx1VeyFrQrHnwd9yfDyr1CgodKbQ3gb5NOhrCcnp5UKXZKXCnEEpAwNq+W8RtS0N+GMe9eiOpRGBgHqo0lwkTbSSvruKkhIHh0pxiP3QPgTS1RzjCd6Ze6XRMIBJJwc+tLGRtnBPjiltskeYNOBgYT/ANZpcS5MITkZJPXwpZTnxpSkEbDp5YpAJB3GaROS20gnrg16o9fxqMp0oJHQ+tNrc8c5OPOuwrlIVhY2J28KbdBAwBUZLpCjynPWvi+tJ3OfOlslsnAQPhSC6UnYn3pv62lKgFD3r0y2eYd0nwGKc26VQrpYrbfEdnPgR5Xq42OYfHrQtc+C2m5yD2H1m3uHxYcKk/4VZowelhKspAB8s1GXLdPjtRbJpWHsusutdZPd+AM5CFqt91jSsHKUyElpXzGRQzN0ZqCyscsq1vOpQndxj9anb1Tmt3UvI7xJHqaQl4JJA61YMr5Rk7NIBbRBvAa4dtYbs0oKSpqYMpUCCMoHn7VpodwMg4qitCktvyk4wSoE+vWrRLmcVXVLt7KXgWXAEDNWP1lqVGdiTGG5UR5PK406kKQoeRBrF+IPAFyMV3TRxW60k86rWV/rGz1yyrx/hO/kTWtcxOw2pbctbBG52p1PUyU5uzTlwSC7TdpzWP8ADz6St60uf0XqiM9eIrB5C9jlmRwPBQP28f2sH1redL8TNM6ySHbNd2H3FjK4jh7N4evIrfPtmhDVGkNP64SFXaGBLSMInxj2chH94dR6HNZDqz6Pd6jq7ewzot5QkkpQ9/RpI9j9lX3Ua6Chrji/8bj5fb0XF7f3i3cusHGQoZ6KG4I60Kalt/2nwnB/bA6e4rlSPxM4kcLXRGlv3SAyg7M3JrtmceilAjHsa33g7xAl8U7C9c7kWEvNPmOW44IbOEgg4JO5zvQVRsmakZvQ4FvRRh7Bm111Emp+qOl1G7Z+2keHqKU1IS4MpII8xWmpjREHHYtn05RTwtdqfGFRWk+qUhJHtigjK4AAtSYhe6zILOeh9gKdQw+8cIYdX7INaXGZRBe7BwJcTjmadI+0PX1FW8dbKSByjfyqMzOtkFxkAWTt6Xu0wjkhOhJ/aUMYos01pBDDqW3lqQ/4ocSUk+2etaHG7JQASE4+6rRi1RpqQh8oKPXw9vKozvJBhKYZlW2y0fVwlKRUjVEKCnTF0duSMxI0dyQo9CjkSVcwPgdqt4UiHY5QjyXPrTCx+ofB3B8UK9fI+NZZ9J/Wrdp4QalRGXyvTGkwUYO/6xQCv93NSQUmOVjb5khJG4lwX5uSXlTZ0mWslSnnFOKJPXJz+dJS2o7Z5T136VZuwS2AOXbyAphUUA94qA9BXs7ZBbJVhjNyea7e3J8hXnIB705jGRj418E52+ea8LvfMrWJlQON6acAKVZ3SQcipKh5iokxwMx3FEgYHjTmNLnAXTHGwuqO1IEi4dgf2O8fai1poZzykn0oZ04kmRJf5d1HlCh40XwWlJSMjJqzlsMgggU42ySATtTyGjnHWpDbIxuKWGznahrpCUhLQHpTwZSkEDrXqEEjBxnpvS+zwe7uqnX5pt0hDZAGBSggqHXA9KktsbDJB9aVjnGAAB0OK7om3UYICjjGR50otb4zjFPhKQMeOaacWVKIGAKRKCmFIIzgge9NKCd6cUCDk5J8KacyrASPenBL3qO4gqyNjvTSmcYzUhxBHTrimFrOMY2xSp11FdJR0zt400HSpQzmnHeZXjjwptAwcmnpybdwrpv6imkIz1VT6jk+hppzAII6eNPalSVt9R4nxFMpWUnlxkeBzTvMAN/hTSklXQYB8aeNbFcvFAK6nNRnMJUSMmn9mz3gfjTbhC8+PtT25LkxAXyTX/7SUkVaB2qdolEsEqG6dsehqwQ5v5GkkGa5S+0z0r4rJNN8/Q+FfKVjFQjMpElxwj7JpoznG9iTXzh2P/W1RnDmpmjNIVLN1UtlTToDrKurbgCkn4HaoEdES0B39GQ2LeHVdo4mK2G0rVjHMQNs4ptXU/lTS193b7qLaTa18lCWi97Zq1a1O+wRzOf4galp1yUDvKaI9VYNCrmDkneoT4G/Q1II2uOajKPV67Q8hCVFAUhXMk9onbz8ab/7Q+xPdKFeeHU/zrNZGMEYFRFYByE7GpmU0bheyixcFrrPFMoA3QD6uirJviulbaSXkJz+6onHyFYqwAT02q0jg5ApklPGOCe2xOi1tziEmUjlHaP7gjI5E5Hj4msi+kRq5ydbrRbHFhKH3lSVNJ6YSMAnz3JootLZKQVffWBceL4qXxFdioVluBHbYx5KI5lfjS7Np97VADgCffmi3lscZKHpUVtzfHe8wKqpEE8+Rt7UlFyXjJJx0waf+vpdznbHXNbNrHxoIOa5f//Z',3,0);
INSERT INTO picture(picture_id, content, accomodation_id, entity_version) VALUES (4, 'data:image/jpeg;base64,/9j/4AAQSkZJRgABAQEASABIAAD/2wBDAAgGBgcGBQgHBwcJCQgKDBQNDAsLDBkSEw8UHRofHh0aHBwgJC4nICIsIxwcKDcpLDAxNDQ0Hyc5PTgyPC4zNDL/2wBDAQkJCQwLDBgNDRgyIRwhMjIyMjIyMjIyMjIyMjIyMjIyMjIyMjIyMjIyMjIyMjIyMjIyMjIyMjIyMjIyMjIyMjL/wAARCADpAV4DASIAAhEBAxEB/8QAHAAAAQUBAQEAAAAAAAAAAAAABAECAwUGAAcI/8QATRAAAQMCBAEHBgoHBwMEAwAAAQACAwQRBRIhMUEGEyJRYXGxFDKBkaHBBxUjJEJSYnJz0SUzNENjgrI1U3SSs8LhFqKjRJPw8WS0w//EABkBAAMBAQEAAAAAAAAAAAAAAAECAwAEBf/EACYRAAICAgIBBAIDAQAAAAAAAAABAhEDIRIxQRMiMlEEUhRCYXH/2gAMAwEAAhEDEQA/AHBOASAJ4C8wuK24SmNj9xY9YSgJwTxm49GaTB3QObqOkOsJtlJPNJE+MMbfMdT1IgxsfuLHrCvHKn3oRpgeVLZTOhc3XcdYTAFSwDbJbJ1ktkwBLJQEoCWyYxwCcAuATgEQCgJ4CQBPARMcEoSgJwaijDSbBUWLcoTQSc2yHMesrQZLoDEsEp8SYCehM3zXgewjqQkm1oKq9mdbyprD0uZFuxv/ACrijx8SNjMoLcxtqFVnk1WROyiMPadze91b0HJ1mVjqiMxkfRzXSRUyj4UXrXXF7XUzRxSMjaxoDRYAWCeArUROAS2SgJ1kQDbJ1koC5Ywi6yVIgYQppSlMKFBGPKHkJUzyhpXWQCB1UmVpKy1VMJJ3yOPycaucWqebiIb5ztAqEwmaaOmsS0m7yPBRyvwi2NUuTDcBonTYoyplaQ5zToeGi28cQ6WnCypsHhArALbArSQx3zacUIIWTtlNWMtVQj7PvReHDI+o+823qTK1nzyH7h8URh8L5aqWNjSXOLQAOuyNbFfRXY2y7geJaszMNVuOU9D5GYo82ZxjBce25WKqBa65ciqbRSPxQKepJsu3cuKUJoAE8BIAngJQHBOAXAJwCBjra7JwC4BOAWMcNEjo2v3Fj1hOslsmjJx6A1YO6F7dR0h1hMCM2THRtfqRY9YV45k+9CuJAEoCV0bm6jUdYTQ4KyYKHWThumhyUOTJgJAE8BRgqQJ0AcE8BNCkaETCtanhq5oupGtRSAIAnhqcGqQMTUAjATg1SCNPEaNGIgE6ylDF2RajEVkllKWppC1GI00p5so3FAwhKjc5I+QDih3zAcUrZhz3hBTygApZKhuuqDlma7fZK2MkUNfVNdPJK/WOLQdpR2E0rjEJZRZ7ruKqxTmqq2xgWgjebj6zt1roYQxpHYudbdsvJ0qRLg7L1JPYVpKeLou7iqXBI7y+j3LU08FmSabBVgiMnsz1dF8/hH8M+KuOTwjhkrJCOndgB6hZB4jFbEoR/Cv7SpKYPzVLGktBe25B+ynSpgYJypqI5nh+YdFuXftWHqC03IIWyxaSBrjTNDWBkecm411svN8Xqg2rlEJcYix0TwGGzXWve/cQVx5Vc2Vj0PbJaQtG4vf12Um6qMPq+cu95u54F/QNfarVpuFIY04TwmhPCUBwCeAkCcAsYUBOAXAJQFjHWS2SpbLGEsksnhdZAxGRZQvY124sesIghROCZScejVYG7MztHWE3n7cVNIEFUaNJtr1hVjm+wcQjyi3FPbVAcVnJsSbC8MkljaSLgONtFGcXiA/aYvafcrLIDiattYOKlbWs61inY4wH9ob6GOTTjzf78+iMpllBwN62sj+sp2VcR+kF518ftH76T/IPzUzOUMVtpHHuA96dZQemz0ZtTH9YKZtRH1heWT46+ZwjZzsQJ84SWsnsbUzNvz87x+IUH+RTpIaOG1bdHqflUQ3cFxr6du8rB3kLzNmF1Mv0Xutpq8qZmBTPbfmm+koevN9RG9GP7HoT8XoWedUwjveFA/lDhjd62D/OFim8npjb5OMEqX/p2YEDoa9QR9XJ+pvSh+xp38qMKb/6yM9xuh38rMM4Tk9zT+SopOT0sUeYuae5qb8RyaXJ9AQ9TL9G9PH9lrJysoeBkP8AIUNJysp/oxzH+RBuwMtYHEnXsQtThnNOIaevfsCzeQ3HEWUePGrvzcbwAfpCyR9XK7c2WOMkrjmzFuguGkgJjnPO73H+Yoc3WwOCvRq31RB1fZCS4jG1pJk2dlNzbVZ6IE1MNzf5RviEtU35vP8A4x3glcjcTWYVOys6bCHZX5TY36lqMlmuPYsdyNhtSSO+tP4Bq3To7McmitCy7CcBhvKO4+C1sUNopDbqHtVDychvMNPon3LXxQXjNxa7wFXH1YkuzJYtE741hDTY8yNxfiUOw08VW+KYufLK8BjeA6O54ejdXOMwhuORtttA3xKqqmAfHNO4DZ+9vs+zxT1exWzM4y6slkkkpJqZr+YIDXxXBPOEA6bcF5bij54ayeaogtJI8lwvoRwuOHcvaKhoa+Qu2EL/APVK84xylFTLNI8AAODbDs1t/wDO1cU17joi9GVwiOaOZ4eTfQW4arUsbZo7lUUUQ8sk04gq7aLBRbthNOE4BIE8BIKKAlC4BdJcROI3ssYeEoC8+wXGsbngfIMRgdkkc3JUjfXrt71oIsdxWJuapwgzMG8lK/OPZfxV/wCNkq0LzRo7JbKkg5V4XI7LLJJTv6poyPaLq3p6umq23p6iKUfYeCpShKPaCmmS2XWTrLrIBGEKNwU5GijcEGEFkFkDUt6BVjIEFUDooBRg8b0xJo/hf7ikwylZU88ZWlwYBYXtqVPj0f6Tb+F/uKm5PvgY6oZOWi4aQHcbXVo+AvokGG0l/wBnae8n81I2gpG7U0XpCthLQjjF6wl8qo2kWMNuOyuiTsrW01O06QQj+QI+kpYJGSgxRkBh0yDqUnxhRN+nF7EvxvRtBaJG3cC3qA7SUyaBsxmW7NVucNpR5MwW2DPALFsbcADiV6RhcNxlt1e5HGrY89IsKOhblcbDRx4I2KgaIduF9kfRUt2SafSKPio7wD7vvXUonO5FOKEAjT2JxogJLW4e9Xvke3cFzqP5V2h2HBHiDkUNTSAU0mnAoWSjAsAPpNC0lXSfNJDb6PvQ01LYtNv3rPBBxCmZ2elHk+3FUuJQ2ubcXeC2dXS5aZ2h0eQs1ikNo724u8AkkqQ0Xs81LQmEKdwUTguRnSNgF6yAfxW+ITqgfNpv8Y7wS0w+e0/4rfEJagfNJf8AGP8ABBmNVyNjBw5v4jj4Layx2a7uKyPIZhdh5/Fd/tW3mjtcdhVodEZdlvyVgBmJI2Z7wtdkAyj7V1nuS8eUyn7AHtWkPnBMuhX2ZjGW5seHZE3xKrqiK+J05tf5Qna9uiFZ4qP0478NvvQT2h1bTnT9e7rP0QrR6EZR1jLzuHDmXk/+6QF59yhj8np2svdxcSSOJNyfFek1TPl3/hv/ANUrDcoKR9S3KwgEPub9y4cvzLxZkKAXqpNdbBXICGp8PNPUSPLs17DayLIXOOzSBPCaAnAICjwkk/VO7koXP/Vu7lmYwPIyjZWOfDI0uaZn3ANvatjLyZjYc0Uj4z17+3RZfkQ4wue/KTaoeND3r0JtQyYloPHiF7MXUUczVsz8uEVj8zTNHUN4NmaHf1ArP1NAKHG8OPk0cMpqY7mO4uCe+y9HbHFc3y+lZDlGxvx7hr2DTn4f6ghN3FmSaZpAEtkoXLxzoEKjcN1KVG5YIO8IScaIx6En2SjIxmPt/SUf4P8AuVdlCtOUA/SUP4J/qVcArR6HQzmx/wDClEQ6lIAlCcNDBE22ycIwOCeE4bLGodTR56uFnW9o9q9LwBnOTDtPvXnuFR85i1OCNA6/qBK9H5MtzTRjrI966MPZDL0bGkisybT6RRsMfzZh7PeupoTkm04lHw05NMzTh711uVHMDmLzPQlMXykmiPMHRbpqAl5npvPWk5hop6iK9HJ90KCpiAZH+K3wKuJqf5s8dgQ9ZTkNhHEy39hR5I1FPXRfNpfvhZLFGfINI63eAW7roCKWbvBWMxVlqRhP1neAWl0GPZ5NILFQlFTCznDtKGduuFnYLSj5/Tfit8Qun/Y5P8Y7wTqT9vpvxWeITZ/2OT/Fv8EGA3XICK+Gg/Wld4j8luKiLpv02asv8HUGbDKbteT/AN//AAtxUQ9KU27PauiC9pCXZacno8kMpt9UeKuuKr8IZkpnHrcrBYUzeJa43J2MYhomZp6U3t84kPsCKxAA41N91ngnUcJc+B3ATvJ1Vl0KyirWZZZNP3Tv9VyxmJDpFbzFGFk0gNr8zfQ9byfesPXxmSXI3VzjYLhy7ky0TPvGpKicudO01csINywC5Gxv1LioUOaQBPATQnhKAULnDoHuShcR0SsYyXIVgDJ3lma1U8W9a30MMXPyOyAAEAXC895J49hmE0tTBWyOZI6tMgs3N0QSCtZNyywSoFmVpb0r9KJ22nYvahTgtnK20y6EbJ26ANcCduO6yOPwOixPDg4a+URm/wDOFooOV2DNiawYlELMtqx29j2dqpeUWLUOJ1uGmlrIZi2dujDr57eHcCtNLi6Mm7RdbJVy5eMdRxUbgpCo3IGIHoScaIx6En2QYyMfyh/tKH8E/wBSrBsrPlD/AGjB+Cf6lWBVj0OhwTgmhOTBHBKkCcETFhgQvi8Z6mu8F6XyVivVRC2xHvXm2Ai+Lxj7LvBesckYR5azT6Q966cJz5Tc08Aa2UW3KJY3KwN6gnLkzdkkjly5cgERwzNI61DPHnlg7HE+xTppHTYeq6xgWuhBo5rcQsBjbMtAD2v8F6NUjNTSDraV5/ygFsMJ6i/+lUi9G8nkFYzJUSt6nke1BuVhielbN966rXFcrOkkpP7QpvxW+KbNrRu7at/gEtIf0hTfit8U2S/keoIvUvOotwCDAz174MoL4TRm2mh/7nFbiWmuJSR9ID2rN/BhBbk7TOts1h9jj71tZY/k3DreuiDpHPLsWhZkpgO1EpkTcsTQnoMxnq0Xxqb7rPBWGDa0l+tztf5igawfpmc/Zb4I7Bv2IDtP9RVH8QeTOYoPlpdNoiP/ACOWJrGuM9mEBxuAXGwvYrb4mOnKf4Tv9VywWITRySyMY7MWOLXW2B6lx5HUrKxWjJUkEkdVPnsbNY3M3UEga2KL4qeSwJsFAd1FvY5pgnBIE5IAUJwSBOCxiJ1LA/V0Mbu9gKYcMoXedRUx74m/kigE4BFMwCcGw129BTf+038l0eCYZHK2RlBA17CHNIZax61YAJ1keT+wUIuTrJFjCFMcpCo3IBIJEHPsjJEFPsUrGRkeUX9oQH+C7+pVYVnyiPz+n/Cd/UFVgqseh0SBKEwFKCnCSBOCjBTwUTFryf8A7ag7b+BXsXJBvzjN1Ob/ALl41gTsuM0p+1b2Fezcjjd7vvN966MXRz5ezcLly5EmcuXIKrrjTyRMY3pPmYwhwIuCbEg8bLGDV1tbpuY3Atc8SnLGGvF43DrBXiXKr4Q8Ihlq8LNNWmeCaSNzgxuUkC2hzL287L5E5Xuvyrxk/wD5sv8AUU8emY6t5RU9RUPeyKYA9YHV3oJ2MxE/qpPYqklJdScUPzZcwY3FHUxSmCQhjw4gEaqWPFRVBsBbJm5xzw57r6W2VEiaI2qmn7JQcUHk7PqP4NY8vJSA9bWf0D81rpBoO9Zj4PWZOSlMLfRb/Q1ak7tTx6JvsUCwASrlyxigq/7XqO5vgk5KVnllJWkebFVvhH8tvfddVuHxrU66gNPsCzPwZYm1nJvGqmckiHEJ5Hm/C6q9xB5B+WWMGhjdTU+Y1M0R80XLG86+57+A/wCFlfJXUdEyCQgvaOlbr3Pt4qzFPUVeIiqqmWnqmeUu+xG17srR1a5fUhcQGUkXv7VxZvky0SimNioVJOekorqIxqAnJoXF7W7kJAEgTgg5MQp4tHStB71CcZpW7PJ7gik30ay0CeFTHHIbaMeT1bJgx8a2hN+0p1jk/AvJF8E5Zw8oJQ6zoWsvsSbgpHY1VjgwA8QNkywz+gc0aVJosy7FKy4DpiAdnNAXGvq/NdO6/AhP/HmD1EaUlMdss23EKxrrGZ1++4KLgxaS9pmhw6wLFZ/jzXRlkRYyICpflYSjHPa9gc03B2Kra3WJw7FzMsjI45PztXDIAcrWOb7Qq57y03LHMaTpmT8Tl5uuihIve9z2XCGqq6RzJKUxnK2W4cdSLaW7vyVY9bHX+HPr6eJ2R8oa4bixXfGVJ/ft9qoqh2aokPbZQ37VZQRJ5GmayKdkrA9jgWnYqYOVVROy0sTepqObJoloqnotMJky4rTG/wC8C9p5GSDnn3t5zePbZeE0FTHFXxSSSBoY4Gx467L0DCOWIw5xdHC15ztJvLtqOoKuOVdk8kXLo9zXLHU/L6nniDhS5SRxk/4VjHyikewE08Wo0HPAHa+3dqqURcWuw/GqxtHQF5LjI9wjija7KZHnQNv7T2Arz7HOWFX8ZT4TBla+Ca0chYTI+XNoG8NL+kd6sscqjXRConp+deKlkcQjqBYMdIwEWvuW3F/tFYbEZZIcS+PIWOc3yqapka5wPRZO1p7r7dvckk2hWehYfyrGI4tU0wnHkrIWSmQ9AsFhmG+1767WubrYxVLJY43sByv2uLEeheF0NJW0r4cYiDuclkkLGNkuObaWtDb8RZxbba1lu8M5QV8PJ6h+aZn0zTHI431LHFp0G1rIxdmVm+Xx7yplEnKTFXjZ1XKb/wAxXvlX8ItdAQGUELrHUEPJXzdilS+pxCqkdYGSZ7yB2uKddBaaBS+5slBQ4JupWuuQPpHglZkSoik/aCephSNw+ue3M2iqi3rELiPBMhuyrLXAtcGG7SLH1IPoZdn1tyGbl5MUv3fcB7loty3uWd5GOtybgH1Y7+0/ktDfptH2UUKSLlyQmwJWMY7Fq5kGP1cZcATEX6/Zasr8FkU0vJzGA4RmmfiTuczaE2APdbb2ojH6nJ8IFQ3zv0dO49mhWc5DVTsP5J4mZpnRxmska1pd57+iLBvE5i0m3AFW8G8mop5pMRkr65zQ2F+SOMNFg5rS4adhdmPpCz+KOazM4kBo1J4BaUywwYXkhmBpIoY2MfbUsGbXXj7ysBPWyY1VPma0toYnWjB/eO6z2dQXDk7ZVA8rsxva19ky/apJtyFBfVRHLuuxOOjjJcdepZeqxuepcbSFkfYhseq3OqHNvtoFSOme0hhBsTlHehFX2L/wvGVGY6XIPG6KY9UcEjmusSrWnfmtdd2NLwRbD2bbp51HbwTGaC3BP0CskJY4OD48p2O4ToyQC12tvaFBzjWvtmGuu6cKqHnWM56PO42DcwufQmQGGMsQQRcbWTrXGU7g7oJ2JUlO/LLUxMPU5wQtVykw+FpfHLzxtqIxdG0At3WLQ7q1SPkZGMxe0Ab3KxdZypmlppJImc21hFje97+CzsWIPfzgl6TnXcHcbnVK8iConqUfKOhiLafylr5nnKxjddfcqXEOUk3OPa1rbAHQHVZygw+WVrK8PDXNfmY3LYm35pKuQfGb2384usPQVwZknK0deJNLY6TlBT87ndA/OLi+hRDp48QhbUDNGX6dGw201WdlYLuv1q1w4uGH3a1zgx5vl32uklBVaLKW6Z3xbA95c6eS538380WzCcOZSzSOMhMbC7zx4BQiujaekZB/KfzTpa0OoaksZI7M0Ri4tvfXc6I8pmUcYlPitBE0A88QNANrI4Y1h4p3TGOoMbdLtPHgFkrFpsQQUXf9CzfitReNGWR0Xc2LYY2e01FUl7dLiUIzDuVGB0L3u+K6iQuOpdNr7FXVOEMqXmR0zm31sG3UI5OscLtqnf5UU41VgandpHoJ5VwVnJt9RRU0lMC8M6cxffXVBTYnK+ja9ryCYAd/4oCzzo/IOTYps+b5Ym9rKVk98Oi1/cf/ANgmg1Whcifkvn4hMBM0OJsKggE9T2qtlr5H008Imzsc+QBtwco3uPTqhayqdHDK1sYcXuqATxDTILgd+ipGywsBDoZAOPS08EW9ixxp7N1LXSStEDHZWte1gsbWAiDvcomYnNFhsnyr+lHC42cR54LnD1oB03zxxAA+cHQf4ZBzzEYc4X/d0o/7CmWhFHYTUYvJJIwyTSlocC6zze19UlfU4NUZxDOC+/mSjIfXlKoZJbgptJh7MR5QiKa/k7QJJrfVAFx6dB6UH7mU5cUXeFckKbEB5ZX/ACFKRmY2J4LpB13GgHbxWtohQYW21DSww9b8t3u7S46k+lUgxEzSvaLNbcBrRoAALADsCe+Y7XsFdUlo5ns1EWPzRvGWZ9+xxVjJPhuNxc1ilLHPpYSEWkb3OGoWQogXO0Ksqy9PSmfUlvVunUtWxa3o9U5PTQ0eHSwskL47AMJ3tqdfWr6CoE1U0A6ZR715JgGKzx89BUEBzHBtwdyR+RXoXJypNTU6/VJ9SXlFq0Fpp0zULO8r8ciwvAa5sVdDBiBp3GBrnjNexsQN+B14LRHZfMXwvy4VXcrpq3DK81TnfJVLMptG9gt0TsRpw4gpLrZXHHkyjpavFBihdA6pNYHOLwAc1rdIHste90HJylnjmpzCyIsgfM9geC4OMhdmJHaCPUEBh9fV0PPSUk74Xvjcx7gd2EahSYdhM2PYg3D6OO9TM8BpzWZGwC7nO7ApqbXRaUFVs08GOVGORx0bqx9LhscTc8Lph0yL313sSTpqdfVoKasp6iDmoS1vMgANa3Lpw6PDq/8AtHUvwcYRheGTMrauaqkYGnJfm2XLb7DX1lZSkofinHJmQuf5M5t2BxvsQDr6QpzqWyK0y0mPSKGLtVPObOKELukpFDMYpUGSYuvxulqG54XPA6Ubs3oQlc67iiaGpD2McdQRlcFqfG0aLXLY9rxm0Ks6R443VSW8xMYzsNWnrHBWFI6zguvE7RGap0WGIVb6PC5p4mtc5rbgO2WVfjVViEbmuqnMsPNb0dbLRYuQMGqDbTmzdedtkLXhzSQVWdk4llmfVSMhDHOeRuNyU+Bk1DXROkD2PY8EBw39KMwJjC01Fy546FuDQrapaHQEuaHADMLi+3YoudSovHFcbMpPWSeWSvY4kZja+xCfAXVtS1jGhr3766dpReO0rY+aqI7WcNSNiVWUknMVTJgbc24OT7JLvZrK3CaOSmcI2ZXFu7Tue1ZANc15adHNuCDwIW1mq4xTsLX3aXNJyi+YEeFrrKS5GVsnOAOzm9zwvZThdbK5VG9GsjqAKIPu13RGma1rqJj6KWQSSUsRkGmYEg9XAqrpqaqnpom00RP1nnQWG1ye8q4psGayO88zs51OXYdyeOPWwTyXVEZw/CJjd1PIL/VmIRFNh2HQtLYTUsu4OvzgPiFPFg8ch6NQ71BWEGAsBB8pkP8AKE3C/BPm/srMYohh1HDViqD4ZnZMskYJBtfhuFUPxAOpZHGQ5WlrbsZrc301WxxTkscWw6KmbWczzb84L2XBNrcDovP6mj8ggr6SUudJBO1rwBbUXHqUsuNp30WxTTVAEushIvY667okgjCJgQQedboVFTwGWRrg3MABdtidFe1WHOpYRFURiRj2jbM2zuG/ZrZK0Z5EnQewmw1G3Un3Nr3HqQFPWmlqQMzJHtDnNbYOa4kcb/krJ1RQVRqpYS6naCDFE9wOh4dw11U3idWiqzq6egDE5D8XNGn6wnT0JsLr0MVz+5H+sEXiGCYrJRMEWHVbwTmDmxE3B4pghqKakaJ8Fr2tjjs5xidYAOzb9Wl0YKkGe2dOM7Jgfq1J/wDK1BSMBMjAbBolJF+ptwppMSpJo3tjhla9weLu26TgT4KzpcKo6lgmlqnMDw68cbbmzhY68E1NvQtqMdkJf84dr++d/wDrIOqfageL/Rph/wCMrROw/DcxdnqXEuLvOaNSzJ1dSGmocMMRjMMzm9Dea3mjKNh1KnBklNIyT3dEq0w880+vmPnERxg9lrnwCNkpsOjHRomH773O96DqJg5zY4o442udqGiw239QWUWnZpTTVD4p8k4N91bzvFogOIuqmPDucbm59xPCwARRLgImuNy0ZSU5Nl/hxsBcKxqHCpkgpARYuzvPU0alVVLIyCnMjzoB60dSMMUL5JdKioF3D6jOA9KTLL28F2x8S3zfSHCpyTAjQySF3tXqnIjptc8/3fiV4y+bnMSaAdGkBez8hm2oXO7GDxKKVUkK3e2bBwzNLdRcW0XyNjdLR0uM10dLJI+mbM5sRnAzWzHcjQ7L66XhHwy8kKbC3Q4vQwZIauZ3lLR5oktcEDhfpelaatFMMt19njdaxkLBlddznWDb7hGcnjLS4/QVQqRStjma6SYAuytB10GpBHBCeTxh+bKLoyBl3NawEuJAAA1JXO56pHQsd9n0O3GcNx2jq6rDKyGqgMjWl0ZvY5RoQdQe9YPFKMeUOdbcvBt22/JUHwaUmJ0/KfE2vimp6dsB5+KVhaSS7oaHiDf0XWsxS2Z3ehPRzpbM9OdShDuiag6oU7pRzH1h37EFS1JgqQ0nov37DwK28dPRYvA7nY2xTAalw0KosT5Nw07DKyrZFI3XmnOzE9gA1XRCFIi34FJbUwhpIDh5jvqnq7k+hnLZDFICHt3bxVPHLUwtIMUlrfVKPhqMjQCTm4k8UsPbK10PJ8o77L6saaimMABLXts49iwVdSupamSNzSADoSN1qm1pA3UoxB1vPNuolXc0yKi0Z3B6mOmns82jlG/AHgrmrqmtMLiyzmuJs522U2NrdYKJFaw+cyM97AfcnuqaeW3O08D7bXYNEjSbsopNRoztXIHYa5j3CzXXj9KqYXFhBNiDwI4L0KDC8MrGAOpGNvsWEix9a5/J+jpJQ+GNxDtQ7KHEHqVeN7JXRm6WCprqOBkMbsrSdSLC3f61d0WCxwAOkAfNuX82DbuRwpJcwyyvYbfSYFMKSqI0qG37WIqkZ7ZzKbrlP+RSQ0YDujO7uDbeo3URo8RAuyaE99x7k+CrljcYKhmSVvUbgjrBR7ewFjHTkDWY+kAqdj2wuAc8G4uDsqafEWwi7pLKAVNRWTtdGzLGwOIudXEjbsT2kCmy6xHHoMOiDnlz3v0jiYLueeoBY74unraiuqsWPk/lUjZOZjsZBY3seDdNNdexWdXiDKSW0lOYZCLZmuDnbdfD0WQfl1E/dzx6Fw5fyXPSWjtx4FHbKSvpqinkaaNwjjjJyZX2da99e0J9BygnhqGir+XBdb5VuYi+m5VnIKCf98fTdRR4XhpkDxKLg3BzHRJHNXYJYLeguorZah1YKiihjeLMJZGb2206zf3qbkZh0s2LU0k1F5VTskuWkbW7Db1dmySnocOErnmdhefpOebnvutryWlw3DnvmfWU/RaXWzi4A37VSGRSkhHgpWelNkhpaMzzSCOJjcznONgAvHuXXLao5QPdQ4e90eHNJBsbGUjiezsQfLDlxPj0ppaZzo6Bh22MnaUDgNHFVYfI+RpOWUje3AI5s7lqHRXHiUNy7M24c26ztOKuaB0rYhaN9rfVKNxHBoaRpxBjswisTG7X0onCsce8/L5S06WIuhhV7YmZrpAjqh43a7/KVPFQ19S27Ico/iPDfYdUdjmLQMw57KbKah5DRYbDiVQ4bXzNqflJCXE6kHQq7kk6IcXVlm/k7iL/AKdMO+X/AIQ7uSOJOe0+UUgsb+e4+5XkddcDVStre1NSFK+n5OVcTbPqYCb8M35KT/puV78zqto1vZrP+Uf5ey2rrJwxKO3nhakbYGKJ9JM0zubKB+qaNiesoqVxjhc55vI7UlIasVDtrtZse3ig62fS11Pgk3Io5tpIEoi2XFGh7wwE6uIvZexYBi8uE03MOwqpm1uHxSxWcLaEXcO9eL4YBLXAO1DiAfSvR+SGOR1jH4fI48/TvcyMndwBOnfpf19i0a5UavaegN5UPIucExEdxiP+9ZH4TMcjxDkJWwOwutiOaMiSZrMrSHjqcT2bcVo43HJsfUsp8IIMvI2uiDdXZbXG1nAqzxpKwY5e9HgDhqtPyBjZJy1wvPTyVAZIZBHG3M4lrSRYcbEA+hZl8EoO7Stt8EzcvwgUbpGg2imy67EsP/K86KuSTO6bqDZ6biGP04lfTzQVsMkktwZoCABYDU302WWxRwzE3V1yx0qC4WuVg5a2SMFhJcz6p4dyfNDhKjmhtWjqh2qHuopKoOO6RkgPFTGK6KGo5sxiZ7gdwb3PeRZOeGUl31VRHGDuCTc+1Zuo5RV9RcNkELOqMW9qry8vcXPcXOO5JuU6hPyxnLH4Rp5MaoRJaCB0rnG1yMrR6FS1uK1FRM5j8oY1xAa0WQ8Xnt7x4qKfo1ko+2fFNCEUxck3xDI6p461M2qJ3ugmFTNVGiSChU9qkbU8QQUKACnBougGjW4fKwRQjM6PnSW5rbGyLfUvpaeVsr75JG+o31Wbw6R7oZ4S4kBudt+BGqJ5Q1TjHDY2zhjnI+pJTS8NG4Jwb8pmipJ21DbjUI0BjW33WX5PVDhLIwnQ2Kt6uuZASM13EeaN10xaqyElugmeptpewVDiNU587DG7pNBBI702SaaqfY3sdmhRzup6JgfO8E8GDX/7SSmNGDYyGB0j+cfc66kqebFxTtMNEBJNsXnzW/mqqWrnrTaxjh4MHEdqPosPDy1w6I6/yXNKbk6R0KKirZBVF744zKbvO6GyaK4xaGOKngDbecb+pVPBRlFxdMtGXJWMDB1JQwWThoncEowzJY7lLMHtp4cubpB4dY76p3FEBuami73eK1hRVHML3afUtfySqRHhkwLMx5479wWcrHx0kHOPF3HRjes/kjOTtS9tFJvrKT1cAujCt2QzyqNGxfUNecrmDbXog3WIrZRT4tVxMaGMbIQwAWA0CvDXPIIDSe82WbxO0lZM8WDyczgDfhwV5nPC2NdI51VHdxNxdXGF0bZITMb3vYdSz8Bc6obc34LV4RYUA+8VOPzHlqBPzT7ee7uCkZCBuST2lLm3StdY7qxIe2JoteylGVgJDdlFznWopZrcdSsYJZLlgbfdA1Mt8xvwT3ytGgOwsgJZMxIvoUrGQVgBLq2O++doNkHVmVtZUuhlMZdM+5bodHm2oVjgDAMRa37YKrZz84nvvzr/AOoqMuy0AFuL4k248tqRbXSd35pr8WxCZpZJV1D2ndrpnEH1ocnpHuCa3dc3JnTQvPPO4KnpMSq6GobUUk0sEzfNkidlcPSEOu0QCWM3KHFqk3nr6qQ/bfdQfGFS/wA6V577IUKRu4Wbb7BSCRO94Jc51u5PiqSL6qHaFx7FAx10Y9E8nZQtp7nZGx4NKWc5Llhj+vKcqe/GoogWYfSshG3OP6Tz+Sr5aiWofnmkdI7rcbro97/wn7EGObQw9GJz53/X81o/NA1v7fPb65T2JMSGXEph2g+wIwVMGT4iRlTtKFjOinaU7JJhDSpAoGlStKUcscOJAqD/AAyrXEMPbVvjDtmsaFT0BsJtf3Z0WmlewSRdJt3tsB1lLaWSNjJNwdAENK2ku6IuBI1N0jYtS55sDxO5UtbVwUTM0jgXHZg1JVBUVNRXE5yWRH6DTqe9NLKv69CxxfsG1WMNZeGhYHO2LydB+ar4oJJpc7y6SVx3PuRdLh5yh5GRg4lGkNiHyV7cT1pUnLb6GbUdLY2CGOFvyjczvqjZGCe7bk5W9YQozDcEnew96a9zrHc9v5KiqKpCO27YtfMXtYPog3A9CBunVEzSGtAsR1qIOC58m5HRj+JIE7gog5PB0UxrHX1R1OG+RtkdoxrnX9ew7UBfVGwxPnpomhwDQXnXa+iMVboLdKwV9E+tlMslh9VvUFaUlGKeOxFweFtEVBA5jPlHB1uoJuRz5HbkcGjddcaRyStkMk7GtytbsqavYJHc40ZZBsVoHUwkN7jNbW+4QsuGh3X4rOmZJmdpXh1S0nQ31HUtNhslqL+YqtkwQE52Slj/AKwCusOwyR9O1jZ2jKNdEsVUrDJ2khTLpqm87pupZaOGMlnPuLh1AWTGUTQbuzEHY3VFJE3FoY6bUXKgknBe030AJViylp2gh8QLu1109tLG7WOJvpaERW6dFM+ftUAe9zxZru9aM0Z1BDR2AKCSje1xswlttypuVFIq9kOBvecXhYW9pKrapx8tnId0TI/Qj7RV9h8csNZFJzR88C/EC6oZhmfK88XvPtKRuysVRVk6n0Jo3Ka2wLrC2yUHUrmOkXfRcTqm3S7LGHX0T2nVRhPagYncbU7+5BxG90U8/NZO5BwHdOuiU+ypFMCpoqJ0rg1jXOd1DVaGnwNrAHVT9f7tnvKsAyKFmWKNsbLa295VHkfgCxryZ34nMFO+WeQtytvkbqVWYsw/GMh62tP/AGhaKvqY3QSRs6RcLX4BU9UOel5wtFy0D1Cy0JO7ZpwtUipDXDY6pwdM3YlHtgbe9t1KKNqo8iJeiyuFTKN2gqVlaPpNI7kcKGPjcpwoYj9G6X1Yh9KQuHVcBnALwGuBab6bo6fFHvbFBC0PfC79bwuNNkG3DYdzED6FZUlDmF3ANjG2m/clclPUVbGScNyegOOlmnkLyTJKd3HdWUFEyBt3kOf1cAiBkjaWxiw8U5kTpAC/Rp7NVRRS29sRycv8RGc8zrW29SdzJzBuXMT2omFuZrgMoaEudrW2aSXbEo3YK8IFMQbbMCBbbiFA8cAiTYuuQSEjo7na47EUhZS+gM07HC5vcHdcaFriMgJ06lZNjZmB2HUnmOO55vhwKySfZm2l7So8gDSb3BHBL8Xm2j/+FYZb3PilDCEXjixI5GmBHDnAA86EdQxGCHI4td0jp1XShp3O9rJ7eg4gaApVioq8yLWOO7Qdr8LpJMPcGktfodw3Q+zdBtnLbWOvb1IxmIOYywANjoikC12RCAMLczDndoA/immnc8gRk6aE227LFEtruceLxgOaNOCI8qYbgtN+zYosyWwSGiOTLJGzLwIOqnbDHTNuHEDgCU41QDwLaDq4oKokcXl3oHYOxCma0PllDzqxovqDsUxjnB1xte1rWT4ubBu7M624v4LpAHjojfX8kUaVtfQocLjONR1aIiKZoGXICOCHay3BSMbfsVeNI5XJtk7nGQZmtFhve6ka/nQGElrrea0aKA34ssANLC10pLwAWB2VvZspSVvR0RdL3GlwugaeaeYw9w3FrWC8vLzleCw2sbOuNd1u8P8AjF07TTuLSTbTisdimHSYZUT0st88VwTtfS4PtSzSrRSDfkzzdz6Fw4prSSXXGxA9iUcVys6xy5IuQMOCe07KO+ie1AJNKbUcncgqc7ouoPzN/oQlPrdUj8SM+y+nrY2C0fTd2bBVlRUyTHpvNuoaBSSeb6EM7z2pLKIiO5B4hROZt3KV361cfOb3JkzDWxXCnbGdErFO3dI2zEYjA3UjI7mzdT1BPm/VjvCIoPOf91aEeUkhZy4xbHxQBpDpAHH6vBTv36R4bLv3rO5LJ+vd3LspR9qOZNy9zOjjzWcQ0utoCnvlfzlhazRrYX1UJ/aWd4TX/qz95HiDlZM11mEMbYHjuUwa3FjY8Qkb5zVN+/8AQgFOyPnACAOA4rhffNvuh2qdvnKiSIuTY8+aSSRxulZK7NfW+yU+a1c3zx3pPsrHpClpOobbS5DeCRo2udVzdpe4pRsO5UiSl2KQDonNN9LetJ1p300whJlDmlruKmaWhugt3BRfSCkdwQaQVJrokOrTcXPA3TQLakm/eubsE47+hFRQHNsQncW9aVosLDYJp3St84dyakJbEytOhANk4WFrXSHdK3b0LJAbZK3ZO1B4AKNm/rR839mt++fBY1ELJOkWue45W3DQe1NdLmFibcbB266n/XD7yhk2/mU622Xv2JB0MskZD43uBbZwIdbbf2Ki5T1b5cVqY5Xl0jYGkOPEahXI8w+lZXHv7dl/wLfFTn5ReG0mUTDq/v8AcnDZNZu773uTuC5GdZx85ddJ9JKOCxhb6J7So09vDvQCPqTajd3hDUp3U9X+xn7wQ9NxTr4kJ/I//9k=', 2, 0);

/* CENE */
INSERT INTO price(price_id, accomodation_id, start_date, end_date, price, entity_version) VALUES(1, 1, '1514764800000', '1529193600000', 300, 0);
INSERT INTO price(price_id, accomodation_id, start_date, end_date, price, entity_version) VALUES(2, 1, '1529193600000', '1546214400000', 200, 0);

/* REZERVACIJE */
INSERT INTO reservation(reservation_id, accomodation, start_date, end_date, number_of_persons, user_id, price, reviewed, realized, entity_version) VALUES(1, 1, '1528588800000', '1529020800000', 3, 1, 800, false, true, 0);
INSERT INTO reservation(reservation_id, accomodation, start_date, end_date, number_of_persons, user_id, price, reviewed, realized, entity_version) VALUES(2, 2, '1526169600000', '1526601600000', 5, 3, 1000, false, true, 0);
INSERT INTO reservation(reservation_id, accomodation, start_date, end_date, number_of_persons, user_id, price, reviewed, realized, entity_version) VALUES(3, 1, '1524009600000', '1524873600000', 2, 3, 700, false, true, 0);
INSERT INTO reservation(reservation_id, accomodation, start_date, end_date, number_of_persons, user_id, price, reviewed, realized, entity_version) VALUES(4, 3, '1529020800000', '1529452800000', 2, 3, 1200, true, true, 0);


INSERT INTO bonus_service(bonus_service_id, name, entity_version) VALUES (1,'WiFi', 0);
INSERT INTO bonus_service(bonus_service_id, name, entity_version) VALUES (2,'Parking', 0);
INSERT INTO bonus_service(bonus_service_id, name, entity_version) VALUES (3,'Breakfast', 0);
INSERT INTO bonus_service(bonus_service_id, name, entity_version) VALUES (4,'Full board', 0);
INSERT INTO bonus_service(bonus_service_id, name, entity_version) VALUES (5,'Half board', 0);
INSERT INTO bonus_service(bonus_service_id, name, entity_version) VALUES (6,'TV', 0);
INSERT INTO bonus_service(bonus_service_id, name, entity_version) VALUES (7,'Kitchen', 0);
INSERT INTO bonus_service(bonus_service_id, name, entity_version) VALUES (8,'Bathroom', 0);

INSERT INTO accomodation_bonus_services(bonus_service_id, accomodation_id) VALUES (1,1);
INSERT INTO accomodation_bonus_services(bonus_service_id, accomodation_id) VALUES (2,1);
INSERT INTO accomodation_bonus_services(bonus_service_id, accomodation_id) VALUES (6,1);
INSERT INTO accomodation_bonus_services(bonus_service_id, accomodation_id) VALUES (7,1);

/* KOMENTARI */
INSERT INTO comment(comment_id, approved, content, rating, entity_version, accomodation_id, author) VALUES (1, 1, 'Nista ne valja.', 1, 1, 1, 2);
INSERT INTO comment(comment_id, approved, content, rating, entity_version, accomodation_id, author) VALUES (2, 1, 'Super.', 5, 1, 1, 3);
INSERT INTO comment(comment_id, approved, content, rating, entity_version, accomodation_id, author) VALUES (3, 1, 'Super.', 5, 1, 2, 3);